"LOCALITA","DATA","TMEDIA..C","TMIN..C","TMAX..C","PUNTORUGIADA..C","UMIDITA..","VISIBILITA.km","VENTOMEDIA.km.h","VENTOMAX.km.h","RAFFICA.km.h","PRESSIONESLM.mb","PRESSIONEMEDIA.mb","PIOGGIA.mm","FENOMENI"
"Milano",2012-01-01,3,-2,7,0,75,8,4,9,0,1022,0,0,"nebbia "
"Milano",2012-01-02,4,3,5,2,86,5,5,9,0,1021,0,0,"pioggia "
"Milano",2012-01-03,2,1,4,2,99,2,6,13,0,1024,0,0,"nebbia "
"Milano",2012-01-04,2,0,8,2,96,2,8,13,0,1020,0,0,"nebbia "
"Milano",2012-01-05,4,-2,10,3,80,4,8,35,0,1007,0,0,"pioggia nebbia "
"Milano",2012-01-06,9,6,11,0,39,10,18,32,56,1010,0,0,""
"Milano",2012-01-07,6,0,10,0,44,10,11,20,0,1018,0,0,""
"Milano",2012-01-08,7,0,15,2,56,0,9,20,0,1016,0,0,""
"Milano",2012-01-09,6,-1,11,0,55,0,7,11,0,1023,0,0,""
"Milano",2012-01-10,4,-2,13,1,72,0,6,11,0,1027,0,0,""
"Milano",2012-01-11,4,-1,10,1,79,8,4,9,0,1032,0,0,""
"Milano",2012-01-12,4,-1,9,2,83,6,5,11,0,1028,0,0,"nebbia "
"Milano",2012-01-13,3,-1,10,2,88,5,5,7,0,1018,0,0,"nebbia "
"Milano",2012-01-14,-1,-3,2,1,99,1,6,11,0,1020,0,0,"nebbia "
"Milano",2012-01-15,-3,-4,-1,0,100,0,6,11,0,1020,0,0,"nebbia "
"Milano",2012-01-16,-2,-4,1,1,99,2,6,11,0,1024,0,0,"nebbia "
"Milano",2012-01-17,-2,-4,1,0,96,2,7,11,0,1028,0,0,"nebbia "
"Milano",2012-01-18,-3,-4,-1,0,100,0,5,9,0,1032,0,0,"neve nebbia "
"Milano",2012-01-19,-1,-3,2,1,99,1,8,11,0,1028,0,0,"nebbia "
"Milano",2012-01-20,3,-3,15,3,76,4,8,30,43,1015,0,0,"nebbia "
"Milano",2012-01-21,4,0,8,1,78,8,7,15,0,1015,0,0,""
"Milano",2012-01-22,5,-1,14,3,82,5,7,19,0,1010,0,0,""
"Milano",2012-01-23,3,0,8,2,91,2,4,7,0,1013,0,0,"nebbia "
"Milano",2012-01-24,4,-2,13,4,70,1,12,33,54,1015,0,0,"nebbia "
"Milano",2012-01-25,3,-1,10,0,50,10,4,7,0,1019,0,0,""
"Milano",2012-01-26,1,-3,6,0,64,10,5,9,0,1020,0,0,""
"Milano",2012-01-27,4,2,6,0,65,10,5,9,0,1025,0,0,""
"Milano",2012-01-28,3,3,4,2,84,7,6,9,0,1025,0,0,"pioggia "
"Milano",2012-01-29,3,1,5,1,65,10,9,15,0,1022,0,0,""
"Milano",2012-01-30,1,-1,4,0,57,10,6,11,0,1025,0,0,""
"Milano",2012-01-31,0,-2,1,0,69,8,8,17,0,1021,0,0,"neve "
"Milano",2012-02-01,-2,-4,-1,0,97,2,7,11,0,1017,0,0,"neve "
"Milano",2012-02-02,-2,-3,0,0,87,6,6,11,0,1019,0,0,"neve "
"Milano",2012-02-03,-4,-7,-2,0,67,10,6,11,0,1020,0,0,""
"Milano",2012-02-04,-5,-9,-1,0,71,9,5,9,0,1021,0,0,""
"Milano",2012-02-05,-5,-8,-1,0,81,8,5,11,0,1025,0,0,"neve nebbia "
"Milano",2012-02-06,-8,-12,-3,0,86,4,5,7,0,1020,0,0,"nebbia "
"Milano",2012-02-07,-4,-10,-1,0,82,5,6,13,0,1015,0,0,"nebbia "
"Milano",2012-02-08,-1,-4,4,0,69,9,5,9,0,1025,0,0,""
"Milano",2012-02-09,-3,-7,2,0,86,4,6,13,0,1022,0,0,"nebbia "
"Milano",2012-02-10,-2,-5,0,0,73,7,8,15,0,1023,0,0,"neve "
"Milano",2012-02-11,-4,-6,-1,0,84,6,7,13,0,1020,0,0,""
"Milano",2012-02-13,-4,-9,1,0,79,6,7,13,0,1019,0,0,"nebbia "
"Milano",2012-02-14,-2,-7,5,0,72,6,7,13,0,1015,0,0,""
"Milano",2012-02-15,3,-5,9,0,59,8,13,24,39,1009,0,0,""
"Milano",2012-02-16,4,-1,8,0,64,5,9,19,0,1014,0,0,""
"Milano",2012-02-17,3,-1,10,1,76,5,7,15,0,1021,0,0,""
"Milano",2012-02-18,4,0,8,2,80,3,5,7,0,1021,0,0,""
"Milano",2012-02-19,5,3,8,2,83,2,5,9,0,1018,0,0,""
"Milano",2012-02-20,4,2,5,3,93,6,7,15,0,1026,0,0,"pioggia "
"Milano",2012-02-21,5,2,10,1,75,8,6,11,0,1030,0,0,""
"Milano",2012-02-22,5,-1,12,2,78,7,5,9,0,1028,0,0,"nebbia "
"Milano",2012-02-23,7,0,14,1,69,9,7,13,0,1024,0,0,""
"Milano",2012-02-24,10,2,18,2,57,9,6,11,0,1023,0,0,""
"Milano",2012-02-25,13,8,20,6,64,0,10,17,0,1017,0,0,""
"Milano",2012-02-26,11,2,20,5,55,6,16,41,61,1013,0,0,"nebbia "
"Milano",2012-02-27,9,1,16,2,40,0,6,13,0,1020,0,0,""
"Milano",2012-02-28,7,3,12,1,61,10,5,11,0,1022,0,0,""
"Milano",2012-02-29,10,4,16,3,60,9,7,17,0,1018,0,0,""
"Milano",2012-03-01,12,4,19,5,67,6,5,7,0,1023,0,0,""
"Milano",2012-03-02,13,5,22,6,66,4,8,15,0,1023,0,0,"nebbia "
"Milano",2012-03-03,13,7,18,7,70,9,8,15,0,1021,0,0,"nebbia "
"Milano",2012-03-04,13,10,16,8,74,9,5,9,0,1019,0,0,"pioggia "
"Milano",2012-03-05,9,5,11,6,83,8,9,19,0,1014,0,0,"pioggia "
"Milano",2012-03-06,8,5,10,3,70,10,7,19,0,1019,0,0,""
"Milano",2012-03-07,7,2,12,2,71,8,6,9,0,1024,0,0,""
"Milano",2012-03-08,8,5,12,2,63,9,6,11,0,1020,0,0,""
"Milano",2012-03-09,11,6,14,2,46,10,11,22,0,1031,0,0,""
"Milano",2012-03-10,7,2,13,1,57,0,7,17,0,1031,0,0,""
"Milano",2012-03-11,10,3,16,2,55,0,8,17,0,1022,0,0,""
"Milano",2012-03-12,11,3,17,4,63,9,5,15,0,1020,0,0,""
"Milano",2012-03-13,11,5,17,4,59,10,8,13,0,1025,0,0,""
"Milano",2012-03-14,12,4,19,4,62,7,5,7,0,1026,0,0,"nebbia "
"Milano",2012-03-15,13,5,20,5,65,7,5,9,0,1026,0,0,"nebbia "
"Milano",2012-03-16,13,6,19,6,67,6,5,9,0,1027,0,0,"nebbia "
"Milano",2012-03-17,12,6,17,7,71,7,5,9,0,1026,0,0,"nebbia "
"Milano",2012-03-18,12,8,15,8,79,6,12,20,0,1021,0,0,"pioggia "
"Milano",2012-03-19,12,8,15,7,74,8,9,19,0,1022,0,0,"pioggia temporale "
"Milano",2012-03-20,11,4,18,4,63,10,4,9,0,1033,0,0,""
"Milano",2012-03-21,14,9,21,4,54,10,6,11,0,1033,0,0,""
"Milano",2012-03-22,14,7,21,5,57,10,5,9,0,1029,0,0,""
"Milano",2012-03-23,15,7,21,5,54,10,6,13,0,1025,0,0,""
"Milano",2012-03-24,14,6,22,4,56,10,6,17,0,1023,0,0,""
"Milano",2012-03-25,14,8,21,5,59,10,6,22,0,1024,0,0,""
"Milano",2012-03-26,15,7,23,4,53,0,6,11,0,1027,0,0,""
"Milano",2012-03-27,16,8,23,4,48,0,6,15,0,1026,0,0,""
"Milano",2012-03-28,16,9,25,4,50,0,7,15,0,1024,0,0,""
"Milano",2012-03-29,17,9,27,4,44,8,13,24,0,1016,0,0,""
"Milano",2012-03-30,20,12,26,4,32,10,18,30,54,1008,0,0,""
"Milano",2012-03-31,17,9,25,6,43,10,12,24,0,1005,0,0,""
"Milano",2012-04-01,14,10,18,7,62,10,17,32,46,1007,0,0,""
"Milano",2012-04-02,12,9,16,2,44,10,5,11,0,1013,0,0,""
"Milano",2012-04-03,13,10,16,7,66,10,7,13,0,1010,0,0,"pioggia "
"Milano",2012-04-04,13,12,15,11,87,7,10,17,0,1009,0,0,"pioggia "
"Milano",2012-04-05,13,10,16,11,92,7,6,11,0,1008,0,0,"pioggia nebbia "
"Milano",2012-04-06,15,10,20,10,76,8,10,19,0,1007,0,0,"nebbia "
"Milano",2012-04-07,15,12,20,9,67,10,11,26,0,1001,0,0,"pioggia temporale "
"Milano",2012-04-08,12,7,17,7,63,10,16,41,65,1002,0,0,""
"Milano",2012-04-09,9,5,14,2,64,10,8,13,0,1012,0,0,""
"Milano",2012-04-10,9,6,11,3,69,9,10,17,0,1011,0,0,"pioggia "
"Milano",2012-04-11,8,6,9,7,93,6,10,19,0,1001,0,0,"pioggia "
"Milano",2012-04-12,11,2,17,5,72,8,6,13,0,1003,0,0,"temporale nebbia "
"Milano",2012-04-13,11,10,15,9,84,8,10,22,0,1001,0,0,"pioggia "
"Milano",2012-04-14,11,8,14,9,84,10,6,11,0,997,0,0,"pioggia "
"Milano",2012-04-15,11,10,12,10,93,8,9,17,0,998,0,0,"pioggia "
"Milano",2012-04-16,12,10,15,10,87,8,5,9,0,1005,0,0,"pioggia "
"Milano",2012-04-17,13,10,17,7,67,10,9,17,0,1007,0,0,""
"Milano",2012-04-18,11,8,14,6,76,9,13,26,0,999,0,0,"pioggia temporale "
"Milano",2012-04-19,10,8,13,8,87,10,8,17,0,996,0,0,"pioggia "
"Milano",2012-04-20,11,8,16,8,83,9,7,17,0,999,0,0,"pioggia "
"Milano",2012-04-21,12,5,18,7,71,10,7,15,0,1005,0,0,"temporale nebbia "
"Milano",2012-04-22,14,10,20,6,60,10,9,24,0,1006,0,0,""
"Milano",2012-04-23,12,10,15,7,71,10,13,19,0,1008,0,0,"pioggia "
"Milano",2012-04-24,12,9,18,7,75,9,13,28,48,1001,0,0,"pioggia temporale "
"Milano",2012-04-25,13,7,18,7,69,10,7,17,0,1010,0,0,"pioggia nebbia "
"Milano",2012-04-26,15,9,19,7,58,10,7,13,0,1018,0,0,""
"Milano",2012-04-27,18,11,24,10,62,10,6,13,0,1020,0,0,""
"Milano",2012-04-28,19,12,26,12,63,10,6,20,0,1018,0,0,""
"Milano",2012-04-29,18,15,21,12,71,9,11,17,0,1016,0,0,"pioggia "
"Milano",2012-04-30,15,11,18,13,89,9,6,11,0,1016,0,0,"pioggia nebbia "
"Milano",2012-05-01,16,14,19,14,90,8,9,20,0,1016,0,0,"pioggia "
"Milano",2012-05-02,16,12,20,11,75,10,10,19,0,1016,0,0,""
"Milano",2012-05-03,17,12,23,10,67,10,12,19,0,1011,0,0,""
"Milano",2012-05-04,17,13,21,10,64,10,12,22,0,1009,0,0,""
"Milano",2012-05-05,14,13,17,11,83,10,9,19,0,1008,0,0,"pioggia temporale "
"Milano",2012-05-06,15,13,20,11,78,10,8,17,0,1010,0,0,"pioggia temporale "
"Milano",2012-05-07,17,10,23,10,68,10,6,15,0,1014,0,0,"nebbia "
"Milano",2012-05-08,17,12,21,11,69,10,8,15,0,1018,0,0,""
"Milano",2012-05-09,19,14,24,12,65,10,9,15,0,1019,0,0,""
"Milano",2012-05-10,21,13,28,13,62,0,5,9,0,1023,0,0,""
"Milano",2012-05-11,23,16,31,14,61,0,5,7,0,1024,0,0,""
"Milano",2012-05-12,24,17,30,15,59,10,7,17,0,1018,0,0,""
"Milano",2012-05-13,16,12,22,10,69,10,19,33,52,1017,0,0,"pioggia temporale "
"Milano",2012-05-14,15,9,20,5,53,10,7,13,0,1015,0,0,""
"Milano",2012-05-15,16,11,23,6,51,10,8,17,0,1010,0,0,"pioggia "
"Milano",2012-05-16,16,13,20,10,28,10,21,33,56,1012,0,0,""
"Milano",2012-05-17,14,9,20,0,28,0,8,19,32,1018,0,0,""
"Milano",2012-05-18,16,12,20,3,40,10,9,15,0,1016,0,0,""
"Milano",2012-05-19,16,10,20,7,57,10,5,9,0,1016,0,0,"pioggia "
"Milano",2012-05-20,14,12,18,12,85,6,7,15,0,1013,0,0,"pioggia "
"Milano",2012-05-21,13,11,14,12,94,7,11,26,46,1004,0,0,"pioggia "
"Milano",2012-05-22,16,10,21,11,76,8,9,19,0,1007,0,0,"nebbia "
"Milano",2012-05-23,21,15,27,13,62,10,7,15,0,1013,0,0,""
"Milano",2012-05-24,23,16,30,14,59,10,7,17,0,1017,0,0,"pioggia "
"Milano",2012-05-25,22,18,26,13,59,10,13,22,0,1016,0,0,""
"Milano",2012-05-26,20,17,24,12,61,10,10,19,0,1017,0,0,"pioggia "
"Milano",2012-05-27,20,17,23,11,57,10,8,28,0,1017,0,0,""
"Milano",2012-05-28,20,14,26,12,61,10,6,15,0,1014,0,0,""
"Milano",2012-05-29,23,16,29,11,52,10,9,15,0,1012,0,0,""
"Milano",2012-05-30,23,15,29,12,53,10,7,13,0,1016,0,0,""
"Milano",2012-05-31,23,19,27,15,61,10,7,13,0,1017,0,0,""
"Milano",2012-06-01,23,19,28,16,64,10,15,22,0,1013,0,0,""
"Milano",2012-06-02,23,18,27,15,65,10,9,17,0,1014,0,0,""
"Milano",2012-06-03,22,20,26,15,65,10,7,11,0,1013,0,0,""
"Milano",2012-06-04,19,15,22,15,77,9,8,15,0,1008,0,0,"pioggia temporale "
"Milano",2012-06-05,21,14,27,12,61,9,8,17,0,1011,0,0,"nebbia "
"Milano",2012-06-06,21,17,25,13,59,10,10,17,0,1012,0,0,""
"Milano",2012-06-07,21,19,23,15,68,10,8,17,0,1012,0,0,""
"Milano",2012-06-08,21,18,23,16,74,9,6,13,0,1012,0,0,"pioggia "
"Milano",2012-06-09,22,17,27,17,76,7,6,17,48,1011,0,0,"pioggia temporale "
"Milano",2012-06-10,19,16,23,15,81,10,8,19,0,1008,0,0,"pioggia temporale "
"Milano",2012-06-11,20,17,26,15,78,10,8,22,0,1004,0,0,"pioggia temporale "
"Milano",2012-06-12,18,13,23,13,73,9,9,20,0,1002,0,0,"pioggia temporale "
"Milano",2012-06-13,20,13,25,10,58,10,7,19,0,1010,0,0,""
"Milano",2012-06-14,20,14,25,12,62,10,6,11,0,1017,0,0,""
"Milano",2012-06-15,22,16,28,13,60,10,5,9,0,1020,0,0,""
"Milano",2012-06-16,24,17,29,15,58,10,5,7,0,1020,0,0,""
"Milano",2012-06-17,26,18,31,17,59,0,5,9,0,1019,0,0,""
"Milano",2012-06-18,27,21,33,17,56,10,6,9,0,1017,0,0,""
"Milano",2012-06-19,27,20,33,18,58,10,6,13,0,1016,0,0,""
"Milano",2012-06-20,27,22,30,19,64,9,6,13,0,1013,0,0,""
"Milano",2012-06-21,26,21,31,18,63,10,9,17,0,1010,0,0,"pioggia "
"Milano",2012-06-22,27,19,33,16,55,10,7,17,35,1013,0,0,""
"Milano",2012-06-23,26,21,30,17,57,10,11,22,0,1018,0,0,""
"Milano",2012-06-24,26,20,30,17,59,10,6,11,0,1017,0,0,""
"Milano",2012-06-25,27,22,31,18,60,10,11,19,0,1011,0,0,""
"Milano",2012-06-26,26,21,30,17,59,10,10,20,33,1016,0,0,""
"Milano",2012-06-27,26,21,31,17,58,10,8,15,0,1017,0,0,""
"Milano",2012-06-28,27,22,32,16,51,10,7,13,0,1014,0,0,""
"Milano",2012-06-29,28,22,32,17,53,10,7,13,0,1014,0,0,""
"Milano",2012-06-30,28,22,33,17,51,10,6,11,30,1014,0,0,""
"Milano",2012-07-01,29,22,34,16,47,10,6,11,0,1013,0,0,""
"Milano",2012-07-02,27,23,30,18,58,10,9,17,0,1013,0,0,"pioggia "
"Milano",2012-07-03,25,21,30,16,60,10,11,15,0,1014,0,0,""
"Milano",2012-07-04,25,20,31,17,63,10,7,26,48,1012,0,0,"pioggia temporale "
"Milano",2012-07-05,25,19,30,18,68,10,7,13,0,1011,0,0,"nebbia "
"Milano",2012-07-06,25,20,30,18,71,9,9,22,0,1011,0,0,"pioggia "
"Milano",2012-07-07,24,19,30,17,67,10,7,17,0,1013,0,0,"pioggia "
"Milano",2012-07-08,26,20,31,14,49,10,6,11,0,1012,0,0,""
"Milano",2012-07-09,27,22,32,16,52,10,8,11,0,1011,0,0,""
"Milano",2012-07-10,26,22,31,17,59,10,8,22,0,1012,0,0,"pioggia temporale "
"Milano",2012-07-11,25,20,30,18,65,10,8,20,35,1012,0,0,"pioggia "
"Milano",2012-07-12,25,19,31,15,58,10,6,11,0,1011,0,0,""
"Milano",2012-07-13,26,22,30,16,55,10,8,20,0,1008,0,0,""
"Milano",2012-07-14,25,21,29,16,60,10,10,22,39,1008,0,0,""
"Milano",2012-07-15,26,21,30,14,52,10,9,22,0,1009,0,0,""
"Milano",2012-07-16,24,18,28,10,43,10,10,19,32,1020,0,0,""
"Milano",2012-07-17,24,15,31,10,45,0,7,15,0,1021,0,0,""
"Milano",2012-07-18,26,19,33,14,49,10,7,15,0,1018,0,0,""
"Milano",2012-07-19,26,19,31,15,53,10,7,15,0,1013,0,0,""
"Milano",2012-07-20,26,22,29,16,56,10,7,13,0,1011,0,0,""
"Milano",2012-07-21,23,15,29,17,69,10,8,17,0,1011,0,0,"pioggia temporale "
"Milano",2012-07-22,21,18,26,12,58,10,10,35,59,1017,0,0,"pioggia temporale "
"Milano",2012-07-23,20,14,27,10,56,10,6,15,0,1019,0,0,""
"Milano",2012-07-24,25,18,30,13,49,10,7,13,0,1016,0,0,""
"Milano",2012-07-25,25,19,32,16,60,9,9,26,44,1013,0,0,"pioggia temporale "
"Milano",2012-07-26,26,19,32,18,65,0,6,11,0,1015,0,0,""
"Milano",2012-07-27,28,21,34,17,57,9,6,13,0,1014,0,0,""
"Milano",2012-07-28,27,22,32,17,59,10,7,15,32,1010,0,0,"pioggia temporale "
"Milano",2012-07-29,26,20,32,17,58,10,8,11,28,1009,0,0,""
"Milano",2012-07-30,26,21,31,18,61,10,7,13,0,1013,0,0,""
"Milano",2012-07-31,26,22,30,17,56,10,9,17,0,1015,0,0,""
"Milano",2012-08-01,27,20,32,16,57,10,7,11,0,1015,0,0,""
"Milano",2012-08-02,28,20,33,16,51,10,6,11,0,1013,0,0,""
"Milano",2012-08-03,28,21,33,16,49,10,7,11,0,1013,0,0,""
"Milano",2012-08-04,28,22,33,16,49,10,8,17,44,1012,0,0,""
"Milano",2012-08-05,26,20,32,17,58,10,6,11,0,1011,0,0,"pioggia temporale "
"Milano",2012-08-06,25,20,30,18,67,10,7,17,0,1013,0,0,""
"Milano",2012-08-07,25,18,33,15,58,10,6,13,0,1017,0,0,""
"Milano",2012-08-08,26,19,32,15,53,10,7,15,0,1018,0,0,""
"Milano",2012-08-09,27,22,32,15,51,10,8,17,0,1018,0,0,""
"Milano",2012-08-10,26,20,30,14,51,10,10,19,33,1018,0,0,""
"Milano",2012-08-11,26,20,31,13,48,10,8,13,0,1015,0,0,""
"Milano",2012-08-12,24,20,28,15,56,10,11,20,0,1014,0,0,""
"Milano",2012-08-13,25,20,29,15,57,10,8,17,0,1012,0,0,""
"Milano",2012-08-14,26,22,31,16,56,10,7,11,0,1012,0,0,""
"Milano",2012-08-15,27,22,33,17,56,10,7,15,32,1013,0,0,""
"Milano",2012-08-16,27,22,32,16,49,10,9,17,0,1013,0,0,""
"Milano",2012-08-17,28,23,33,17,52,10,8,11,0,1017,0,0,""
"Milano",2012-08-18,29,23,34,17,52,0,6,11,0,1019,0,0,""
"Milano",2012-08-19,29,23,34,16,48,0,7,11,0,1021,0,0,""
"Milano",2012-08-20,30,23,35,17,49,0,6,11,0,1020,0,0,""
"Milano",2012-08-21,30,24,36,18,51,10,5,11,0,1017,0,0,""
"Milano",2012-08-22,30,25,37,17,46,10,6,17,0,1015,0,0,""
"Milano",2012-08-23,29,24,34,18,53,10,7,17,0,1014,0,0,"temporale "
"Milano",2012-08-24,29,24,34,17,50,10,7,11,0,1011,0,0,""
"Milano",2012-08-25,28,22,33,17,51,10,8,19,37,1010,0,0,"pioggia "
"Milano",2012-08-26,27,22,32,13,41,10,12,28,48,1010,0,0,""
"Milano",2012-08-27,23,17,29,10,47,0,8,13,0,1019,0,0,""
"Milano",2012-08-28,24,18,29,9,40,10,6,11,0,1020,0,0,""
"Milano",2012-08-29,25,17,31,12,49,10,5,11,0,1019,0,0,""
"Milano",2012-08-30,22,19,26,17,72,9,7,19,0,1016,0,0,"pioggia "
"Milano",2012-08-31,19,15,25,15,82,8,10,22,0,1011,0,0,"pioggia temporale "
"Milano",2012-09-01,17,14,23,13,79,10,9,33,52,1014,0,0,"pioggia temporale "
"Milano",2012-09-02,19,15,23,15,78,10,7,15,0,1020,0,0,"pioggia temporale "
"Milano",2012-09-03,20,18,21,16,80,10,9,24,0,1016,0,0,"pioggia "
"Milano",2012-09-04,21,17,26,16,77,9,7,35,61,1016,0,0,"pioggia temporale "
"Milano",2012-09-05,21,18,27,17,79,9,7,17,32,1015,0,0,"pioggia temporale "
"Milano",2012-09-06,23,17,29,16,69,10,5,9,0,1018,0,0,"nebbia "
"Milano",2012-09-07,23,17,29,16,67,0,6,11,0,1021,0,0,""
"Milano",2012-09-08,23,18,29,16,66,9,4,7,0,1020,0,0,""
"Milano",2012-09-09,23,16,29,15,65,7,5,7,0,1018,0,0,""
"Milano",2012-09-10,23,17,30,15,63,9,5,9,0,1017,0,0,""
"Milano",2012-09-11,23,18,29,15,63,8,6,13,0,1016,0,0,""
"Milano",2012-09-12,20,16,25,16,79,9,8,24,0,1008,0,0,"pioggia temporale "
"Milano",2012-09-13,17,11,24,9,64,8,6,19,0,1006,0,0,"nebbia "
"Milano",2012-09-14,17,11,25,8,59,10,6,13,0,1010,0,0,"nebbia "
"Milano",2012-09-15,19,13,25,11,61,0,8,13,0,1013,0,0,""
"Milano",2012-09-16,20,15,25,12,62,10,5,9,0,1016,0,0,""
"Milano",2012-09-17,20,14,25,12,65,10,5,7,0,1016,0,0,""
"Milano",2012-09-18,20,14,25,14,67,8,4,7,0,1015,0,0,"nebbia "
"Milano",2012-09-19,20,17,23,16,79,8,6,13,0,1011,0,0,"pioggia "
"Milano",2012-09-20,17,13,22,10,66,10,7,15,0,1020,0,0,""
"Milano",2012-09-21,17,13,22,8,59,10,7,11,0,1022,0,0,""
"Milano",2012-09-22,18,14,22,10,61,10,5,9,0,1017,0,0,""
"Milano",2012-09-23,20,18,22,14,71,8,6,9,0,1017,0,0,"pioggia "
"Milano",2012-09-24,18,15,21,16,89,5,9,20,33,1008,0,0,"pioggia temporale nebbia "
"Milano",2012-09-25,18,14,23,15,87,8,8,19,0,1008,0,0,"pioggia nebbia "
"Milano",2012-09-26,19,17,22,16,85,10,14,20,0,1009,0,0,"pioggia "
"Milano",2012-09-27,20,17,24,13,68,10,9,15,0,1010,0,0,"pioggia "
"Milano",2012-09-28,18,13,23,13,73,10,5,9,0,1018,0,0,""
"Milano",2012-09-29,17,16,19,15,90,9,7,15,0,1018,0,0,"pioggia temporale "
"Milano",2012-09-30,19,16,23,16,84,9,5,11,0,1017,0,0,"temporale "
"Milano",2012-10-01,18,15,22,16,86,9,6,11,0,1016,0,0,"pioggia temporale "
"Milano",2012-10-02,18,14,23,15,85,7,7,15,0,1017,0,0,"nebbia "
"Milano",2012-10-03,19,16,24,14,70,10,5,11,0,1018,0,0,""
"Milano",2012-10-04,19,16,23,14,76,10,4,7,0,1017,0,0,""
"Milano",2012-10-05,18,15,22,15,82,10,4,7,0,1019,0,0,""
"Milano",2012-10-06,18,14,23,14,79,9,6,13,0,1020,0,0,"nebbia "
"Milano",2012-10-07,20,17,24,15,74,10,9,17,0,1014,0,0,""
"Milano",2012-10-08,17,14,19,14,83,8,8,17,0,1017,0,0,"nebbia "
"Milano",2012-10-09,18,15,22,13,74,10,5,9,0,1012,0,0,"pioggia "
"Milano",2012-10-10,17,15,20,14,84,5,5,9,0,1011,0,0,"nebbia "
"Milano",2012-10-11,15,13,18,14,94,3,6,13,0,1011,0,0,"pioggia nebbia "
"Milano",2012-10-12,16,13,20,13,83,7,5,9,0,1011,0,0,"nebbia "
"Milano",2012-10-13,15,11,18,13,90,3,6,13,0,1012,0,0,"nebbia "
"Milano",2012-10-14,15,14,17,13,87,10,10,20,0,1007,0,0,"pioggia "
"Milano",2012-10-15,13,10,14,11,89,9,13,19,32,1002,0,0,"pioggia "
"Milano",2012-10-16,12,6,19,6,70,10,7,13,0,1010,0,0,""
"Milano",2012-10-17,13,10,15,9,77,10,5,7,0,1022,0,0,""
"Milano",2012-10-18,14,12,18,12,85,9,5,7,0,1023,0,0,""
"Milano",2012-10-19,15,13,19,12,81,7,5,7,0,1023,0,0,"nebbia "
"Milano",2012-10-20,15,10,22,11,80,6,5,9,0,1022,0,0,"nebbia "
"Milano",2012-10-21,16,10,22,12,81,9,5,9,0,1019,0,0,"nebbia "
"Milano",2012-10-22,17,12,21,14,85,5,4,7,0,1019,0,0,"nebbia "
"Milano",2012-10-23,16,11,22,12,81,7,4,7,0,1019,0,0,"nebbia "
"Milano",2012-10-24,13,8,19,11,89,3,4,7,0,1017,0,0,"nebbia "
"Milano",2012-10-25,12,7,18,10,90,2,4,7,0,1014,0,0,"nebbia "
"Milano",2012-10-26,13,13,14,12,93,2,7,15,0,1007,0,0,"pioggia nebbia "
"Milano",2012-10-27,13,11,15,12,95,5,5,11,0,989,0,0,"pioggia "
"Milano",2012-10-28,8,6,11,6,87,10,11,30,0,995,0,0,"pioggia "
"Milano",2012-10-29,8,4,12,4,79,10,6,9,0,1009,0,0,""
"Milano",2012-10-30,6,3,8,3,85,9,5,9,0,1012,0,0,"pioggia "
"Milano",2012-10-31,8,7,10,6,85,7,6,15,0,1006,0,0,"pioggia "
"Milano",2012-11-01,10,8,14,8,90,8,6,11,0,995,0,0,"pioggia "
"Milano",2012-11-02,12,9,15,10,89,8,5,9,0,1006,0,0,""
"Milano",2012-11-03,11,10,12,10,91,8,5,9,0,1013,0,0,"pioggia "
"Milano",2012-11-04,11,11,12,11,98,3,4,7,0,1008,0,0,"pioggia "
"Milano",2012-11-05,13,8,18,10,85,6,9,17,0,1001,0,0,""
"Milano",2012-11-06,10,5,16,6,79,4,5,11,0,1013,0,0,"nebbia "
"Milano",2012-11-07,9,4,14,5,78,0,6,11,0,1025,0,0,""
"Milano",2012-11-08,8,3,13,5,82,8,4,9,0,1025,0,0,"nebbia "
"Milano",2012-11-09,10,5,15,7,82,8,5,11,0,1019,0,0,"nebbia "
"Milano",2012-11-10,10,9,11,9,94,4,7,13,0,1016,0,0,"pioggia "
"Milano",2012-11-11,10,9,12,10,96,7,6,13,0,1011,0,0,"pioggia "
"Milano",2012-11-12,11,8,15,10,91,8,5,9,0,1020,0,0,"nebbia "
"Milano",2012-11-13,14,11,16,12,90,7,4,7,0,1027,0,0,"pioggia "
"Milano",2012-11-14,12,9,14,9,80,10,5,11,0,1027,0,0,"pioggia nebbia "
"Milano",2012-11-15,10,6,12,7,82,9,6,9,0,1023,0,0,""
"Milano",2012-11-16,7,3,12,4,86,6,4,7,0,1022,0,0,"nebbia "
"Milano",2012-11-17,6,3,10,5,91,4,4,7,0,1019,0,0,"nebbia "
"Milano",2012-11-18,7,3,10,4,86,4,5,9,0,1016,0,0,"nebbia "
"Milano",2012-11-19,8,6,11,5,81,7,6,9,0,1016,0,0,"nebbia "
"Milano",2012-11-20,10,4,15,6,78,8,5,9,0,1017,0,0,""
"Milano",2012-11-21,9,7,13,7,88,7,7,11,0,1020,0,0,"nebbia "
"Milano",2012-11-22,9,6,12,7,88,5,3,6,0,1023,0,0,""
"Milano",2012-11-23,10,6,14,8,88,4,6,11,0,1023,0,0,"nebbia "
"Milano",2012-11-24,10,6,13,8,91,3,4,9,0,1024,0,0,"nebbia "
"Milano",2012-11-25,11,9,13,8,87,4,6,9,0,1021,0,0,""
"Milano",2012-11-26,10,10,11,10,98,2,7,15,0,1017,0,0,"pioggia "
"Milano",2012-11-27,11,10,12,10,93,5,14,22,0,1007,0,0,"pioggia "
"Milano",2012-11-28,11,10,13,10,95,8,12,26,46,993,0,0,"pioggia "
"Milano",2012-11-29,10,9,13,7,81,9,8,15,0,991,0,0,"pioggia "
"Milano",2012-11-30,8,6,11,4,71,10,7,13,0,1000,0,0,"pioggia "
"Milano",2012-12-01,6,6,8,5,92,8,6,13,0,1010,0,0,"pioggia "
"Milano",2012-12-02,6,4,7,4,77,6,10,20,0,1009,0,0,"pioggia "
"Milano",2012-12-03,6,2,10,0,36,0,10,17,0,1014,0,0,""
"Milano",2012-12-04,3,0,6,0,69,10,8,15,0,1005,0,0,""
"Milano",2012-12-05,3,0,9,1,74,10,6,19,0,1003,0,0,""
"Milano",2012-12-06,3,-2,10,1,64,0,9,17,0,1010,0,0,""
"Milano",2012-12-07,1,-2,3,0,72,6,5,13,0,1011,0,0,"neve "
"Milano",2012-12-08,-2,-5,1,0,95,4,7,13,0,1008,0,0,"nebbia "
"Milano",2012-12-09,-2,-7,4,1,92,3,3,6,0,1018,0,0,"nebbia "
"Milano",2012-12-10,1,-3,8,0,79,4,6,15,35,1009,0,0,"nebbia "
"Milano",2012-12-11,4,-2,10,0,44,0,10,24,0,1013,0,0,""
"Milano",2012-12-12,0,-4,5,0,62,0,4,9,0,1020,0,0,""
"Milano",2012-12-13,0,-1,2,0,72,9,4,9,0,1022,0,0,"neve "
"Milano",2012-12-14,0,-1,1,0,100,1,5,9,0,1020,0,0,"pioggia neve "
"Milano",2012-12-15,1,0,2,1,100,1,7,15,0,1014,0,0,"pioggia neve nebbia "
"Milano",2012-12-16,1,-1,2,1,100,0,4,9,0,1014,0,0,"nebbia "
"Milano",2012-12-17,2,1,2,2,100,1,6,15,0,1012,0,0,"nebbia "
"Milano",2012-12-18,1,-1,2,2,100,1,7,13,0,1012,0,0,"nebbia "
"Milano",2012-12-19,0,-3,6,2,96,4,5,11,0,1020,0,0,"nebbia "
"Milano",2012-12-20,0,-4,2,1,97,3,5,9,0,1020,0,0,"pioggia nebbia "
"Milano",2012-12-21,1,-1,5,1,98,2,5,9,0,1014,0,0,"nebbia "
"Milano",2012-12-22,0,-2,1,1,100,0,6,11,0,1020,0,0,"nebbia "
"Milano",2012-12-23,0,-1,2,1,100,1,6,11,0,1019,0,0,"nebbia "
"Milano",2012-12-24,3,0,4,3,98,2,4,7,0,1023,0,0,"nebbia "
"Milano",2012-12-25,4,4,5,4,99,1,3,6,0,1020,0,0,"pioggia nebbia "
"Milano",2012-12-26,5,4,7,5,98,3,8,15,0,1016,0,0,"pioggia nebbia "
"Milano",2012-12-27,5,4,7,5,95,4,6,17,0,1018,0,0,"nebbia "
"Milano",2012-12-28,7,1,16,3,75,3,10,20,0,1022,0,0,"nebbia "
"Milano",2012-12-29,4,1,10,2,86,9,4,9,0,1027,0,0,"nebbia "
"Milano",2012-12-30,2,-2,8,2,90,4,6,11,0,1024,0,0,"nebbia "
"Milano",2012-12-31,2,-2,8,2,92,4,5,11,0,1025,0,0,"nebbia "
"Milano",2013-01-01,1,-4,4,2,97,2,5,9,0,1018,0,0,"pioggia nebbia "
"Milano",2013-01-02,3,2,5,3,97,3,5,11,0,1022,0,0,"pioggia "
"Milano",2013-01-03,4,-1,9,3,89,6,6,13,0,1034,0,0,"nebbia "
"Milano",2013-01-04,4,0,10,2,89,5,4,9,0,1029,0,0,"nebbia "
"Milano",2013-01-05,8,2,16,3,73,8,8,19,0,1021,0,0,"nebbia "
"Milano",2013-01-06,6,0,14,3,82,10,5,17,35,1020,0,0,""
"Milano",2013-01-07,4,0,6,4,99,0,8,17,0,1021,0,0,"nebbia "
"Milano",2013-01-08,5,4,6,5,99,2,9,13,0,1025,0,0,"nebbia "
"Milano",2013-01-09,5,4,7,4,90,5,6,13,0,1022,0,0,""
"Milano",2013-01-10,5,3,7,4,91,4,9,13,0,1013,0,0,"nebbia "
"Milano",2013-01-11,3,-1,5,3,97,2,4,7,0,1009,0,0,"nebbia "
"Milano",2013-01-12,4,3,5,3,89,4,5,9,0,1015,0,0,"pioggia nebbia "
"Milano",2013-01-13,4,3,5,3,95,4,4,7,0,1012,0,0,"pioggia "
"Milano",2013-01-14,4,3,5,3,95,7,6,9,0,1008,0,0,"pioggia "
"Milano",2013-01-15,3,1,5,2,94,7,7,15,0,1006,0,0,"pioggia neve "
"Milano",2013-01-16,3,1,6,1,81,9,10,19,0,998,0,0,"pioggia neve "
"Milano",2013-01-17,2,-2,5,1,88,10,6,11,0,999,0,0,"pioggia neve "
"Milano",2013-01-18,0,-4,6,0,77,8,6,13,0,1001,0,0,""
"Milano",2013-01-19,1,-1,2,1,91,6,5,7,0,1001,0,0,"pioggia neve nebbia "
"Milano",2013-01-20,1,0,2,1,100,2,6,11,0,999,0,0,"pioggia neve "
"Milano",2013-01-21,3,2,5,3,98,3,7,13,0,996,0,0,"pioggia "
"Milano",2013-01-22,5,1,8,4,96,3,5,9,0,1001,0,0,"pioggia nebbia "
"Milano",2013-01-23,3,-2,6,3,93,6,7,15,0,1006,0,0,"pioggia nebbia "
"Milano",2013-01-24,5,2,9,3,88,9,7,11,0,1002,0,0,"nebbia "
"Milano",2013-01-25,3,-2,6,2,93,5,5,9,0,1007,0,0,"nebbia "
"Milano",2013-01-26,3,0,6,1,82,9,5,7,0,1011,0,0,"nebbia "
"Milano",2013-01-27,0,-3,3,2,98,2,4,7,0,1014,0,0,"nebbia "
"Milano",2013-01-28,1,0,3,1,98,2,4,9,0,1016,0,0,"pioggia neve nebbia "
"Milano",2013-01-29,3,0,8,2,93,4,9,13,0,1023,0,0,"nebbia "
"Milano",2013-01-30,1,-1,3,2,100,0,6,11,0,1020,0,0,"nebbia "
"Milano",2013-01-31,3,0,4,3,100,0,8,13,0,1020,0,0,"nebbia "
"Milano",2013-02-01,3,1,4,3,100,1,8,15,0,1011,0,0,"nebbia "
"Milano",2013-02-02,4,3,5,4,99,4,7,13,0,993,0,0,"pioggia nebbia "
"Milano",2013-02-03,6,1,12,2,58,10,14,32,44,1010,0,0,"nebbia "
"Milano",2013-02-04,6,0,12,0,53,10,7,17,0,1016,0,0,""
"Milano",2013-02-05,4,2,6,2,73,10,6,11,0,1010,0,0,""
"Milano",2013-02-06,6,1,11,1,67,9,9,22,0,998,0,0,""
"Milano",2013-02-07,5,0,11,1,63,10,12,26,0,1004,0,0,""
"Milano",2013-02-08,4,-2,9,0,38,10,6,13,0,1009,0,0,""
"Milano",2013-02-09,2,-3,7,0,50,10,7,15,0,1012,0,0,""
"Milano",2013-02-10,1,-4,5,0,61,10,6,11,0,1013,0,0,""
"Milano",2013-02-11,0,-1,1,1,92,3,11,20,0,1006,0,0,"neve "
"Milano",2013-02-12,1,-2,4,1,96,4,6,15,0,1004,0,0,"neve nebbia "
"Milano",2013-02-13,-1,-3,1,0,99,1,7,13,0,1012,0,0,"nebbia "
"Milano",2013-02-14,0,-5,4,0,88,4,8,15,0,1018,0,0,"nebbia "
"Milano",2013-02-15,2,-2,7,0,82,4,4,7,0,1016,0,0,"nebbia "
"Milano",2013-02-16,4,-1,8,1,81,6,5,9,0,1020,0,0,"nebbia "
"Milano",2013-02-17,4,0,9,1,80,6,6,13,0,1019,0,0,"nebbia "
"Milano",2013-02-18,5,1,8,1,76,10,6,11,0,1018,0,0,""
"Milano",2013-02-19,3,-2,9,1,79,5,7,13,0,1015,0,0,"nebbia "
"Milano",2013-02-20,4,1,8,2,82,5,9,17,0,1012,0,0,""
"Milano",2013-02-21,1,0,4,2,96,4,11,26,0,1011,0,0,"pioggia neve "
"Milano",2013-02-22,0,-1,2,0,90,6,7,11,0,1005,0,0,"neve "
"Milano",2013-02-23,1,-1,4,1,87,5,6,11,0,1002,0,0,"pioggia neve "
"Milano",2013-02-24,1,0,2,1,99,2,6,11,0,1004,0,0,"pioggia neve "
"Milano",2013-02-25,3,1,4,2,94,9,9,17,0,1016,0,0,"pioggia neve "
"Milano",2013-02-26,6,-1,11,2,76,8,8,19,0,1021,0,0,"pioggia nebbia "
"Milano",2013-02-27,4,1,7,2,82,9,5,13,0,1022,0,0,"pioggia "
"Milano",2013-02-28,8,5,12,4,80,8,5,9,0,1024,0,0,"pioggia "
"Milano",2013-03-01,7,1,13,4,80,6,5,9,0,1019,0,0,"nebbia "
"Milano",2013-03-02,8,4,12,4,78,5,5,11,0,1018,0,0,""
"Milano",2013-03-03,7,0,14,4,83,4,5,11,0,1018,0,0,"nebbia "
"Milano",2013-03-04,8,1,14,3,76,5,6,11,0,1020,0,0,"nebbia "
"Milano",2013-03-05,7,2,10,1,68,8,6,11,0,1021,0,0,"pioggia "
"Milano",2013-03-06,8,6,9,6,88,6,7,13,0,1012,0,0,"pioggia "
"Milano",2013-03-07,8,6,9,7,96,3,7,11,0,1006,0,0,"pioggia "
"Milano",2013-03-08,9,8,11,9,97,4,4,11,0,1004,0,0,"pioggia nebbia "
"Milano",2013-03-09,9,6,12,8,94,5,6,13,0,1003,0,0,"pioggia nebbia "
"Milano",2013-03-10,9,7,13,8,93,4,6,13,0,1000,0,0,"nebbia "
"Milano",2013-03-11,9,4,14,7,90,4,6,11,0,999,0,0,"nebbia "
"Milano",2013-03-12,8,6,12,7,92,6,7,15,0,998,0,0,"pioggia nebbia "
"Milano",2013-03-13,8,6,11,6,87,9,7,13,0,995,0,0,"pioggia temporale "
"Milano",2013-03-14,8,3,12,4,61,9,13,30,0,993,0,0,"nebbia "
"Milano",2013-03-15,6,2,10,0,20,10,13,28,0,1005,0,0,""
"Milano",2013-03-16,5,-1,9,0,54,10,9,17,0,1018,0,0,""
"Milano",2013-03-17,4,0,5,1,81,7,10,15,0,1014,0,0,"pioggia neve "
"Milano",2013-03-18,2,0,5,2,98,5,7,19,0,997,0,0,"pioggia neve "
"Milano",2013-03-19,7,-1,15,2,69,5,8,17,0,1001,0,0,"nebbia "
"Milano",2013-03-20,6,2,8,4,83,9,7,20,0,1007,0,0,"pioggia nebbia "
"Milano",2013-03-21,11,3,17,2,48,8,10,20,33,1011,0,0,"nebbia "
"Milano",2013-03-22,9,2,15,1,52,10,5,9,0,1011,0,0,""
"Milano",2013-03-23,10,6,13,6,77,8,8,13,0,1011,0,0,"pioggia "
"Milano",2013-03-24,7,5,9,6,95,5,10,17,0,1008,0,0,"pioggia "
"Milano",2013-03-25,5,4,7,4,91,8,10,17,0,1002,0,0,"pioggia "
"Milano",2013-03-26,4,3,6,1,79,9,12,19,0,1003,0,0,""
"Milano",2013-03-27,6,4,8,2,75,8,6,11,0,1007,0,0,""
"Milano",2013-03-28,6,4,7,3,82,7,6,11,0,1012,0,0,"pioggia "
"Milano",2013-03-29,6,4,8,4,88,6,5,11,0,1007,0,0,"pioggia "
"Milano",2013-03-30,7,6,8,6,96,5,5,9,0,1001,0,0,"pioggia nebbia "
"Milano",2013-03-31,9,3,17,5,80,7,8,22,41,997,0,0,"pioggia nebbia "
"Milano",2013-04-01,8,6,8,4,80,10,11,22,0,1005,0,0,""
"Milano",2013-04-02,10,7,14,5,72,10,8,17,0,1002,0,0,""
"Milano",2013-04-03,10,6,16,5,71,10,8,15,0,1004,0,0,""
"Milano",2013-04-04,9,7,12,6,78,9,13,19,0,1007,0,0,"pioggia "
"Milano",2013-04-05,9,7,10,8,92,7,8,17,0,1002,0,0,"pioggia nebbia "
"Milano",2013-04-06,10,4,15,7,84,6,5,13,0,1009,0,0,"nebbia "
"Milano",2013-04-07,11,9,14,6,74,10,11,19,0,1011,0,0,"pioggia "
"Milano",2013-04-08,7,6,9,4,81,9,13,20,0,1010,0,0,"pioggia "
"Milano",2013-04-09,8,6,10,6,92,5,5,9,0,1009,0,0,"pioggia "
"Milano",2013-04-10,10,3,17,6,77,5,6,9,0,1011,0,0,"nebbia "
"Milano",2013-04-11,12,9,15,8,79,6,6,13,0,1014,0,0,""
"Milano",2013-04-12,14,12,17,10,81,7,8,19,32,1009,0,0,"pioggia "
"Milano",2013-04-13,15,7,22,7,64,10,6,11,0,1018,0,0,"nebbia "
"Milano",2013-04-14,16,8,23,8,60,0,6,11,0,1026,0,0,""
"Milano",2013-04-15,18,11,24,9,60,0,5,11,0,1023,0,0,""
"Milano",2013-04-16,18,15,24,8,54,10,7,11,0,1021,0,0,""
"Milano",2013-04-17,19,14,24,9,54,10,6,11,0,1023,0,0,""
"Milano",2013-04-18,20,13,26,11,58,7,5,11,0,1019,0,0,""
"Milano",2013-04-19,19,14,25,12,65,7,10,24,32,1013,0,0,"pioggia temporale "
"Milano",2013-04-20,12,10,15,11,93,8,13,26,0,1014,0,0,"pioggia "
"Milano",2013-04-21,13,11,17,10,86,10,6,13,0,1015,0,0,"pioggia "
"Milano",2013-04-22,12,11,13,10,89,10,5,9,0,1014,0,0,"pioggia "
"Milano",2013-04-23,15,11,20,11,79,8,8,19,0,1022,0,0,"pioggia nebbia "
"Milano",2013-04-24,16,9,21,10,70,10,5,9,0,1028,0,0,"nebbia "
"Milano",2013-04-25,17,10,23,10,66,0,5,9,0,1026,0,0,""
"Milano",2013-04-26,17,14,20,13,75,9,4,17,0,1017,0,0,""
"Milano",2013-04-27,14,14,16,13,94,5,14,22,0,1006,0,0,"pioggia "
"Milano",2013-04-28,16,13,20,13,86,9,7,13,0,1011,0,0,"pioggia temporale "
"Milano",2013-04-29,16,15,19,14,91,8,7,15,0,1018,0,0,"pioggia "
"Milano",2013-04-30,17,14,20,14,84,9,9,20,0,1019,0,0,"pioggia "
"Milano",2013-05-01,19,14,23,14,77,10,7,13,0,1018,0,0,"pioggia temporale "
"Milano",2013-05-02,20,16,24,15,75,9,7,22,0,1015,0,0,"temporale "
"Milano",2013-05-03,18,12,23,11,65,10,7,17,0,1013,0,0,"pioggia "
"Milano",2013-05-04,18,11,24,10,58,10,5,9,0,1015,0,0,""
"Milano",2013-05-05,16,12,21,12,78,10,6,24,0,1017,0,0,"pioggia temporale "
"Milano",2013-05-06,16,14,21,14,86,9,5,11,0,1016,0,0,"pioggia "
"Milano",2013-05-07,17,11,23,13,79,9,8,22,0,1014,0,0,"temporale nebbia "
"Milano",2013-05-08,19,12,24,12,70,10,5,15,0,1015,0,0,"nebbia "
"Milano",2013-05-09,21,15,26,13,63,10,5,9,0,1015,0,0,""
"Milano",2013-05-10,17,16,20,15,89,7,7,15,0,1012,0,0,"pioggia temporale "
"Milano",2013-05-11,18,12,24,13,73,9,9,22,0,1010,0,0,"pioggia temporale nebbia "
"Milano",2013-05-12,18,13,24,10,60,10,8,20,0,1011,0,0,""
"Milano",2013-05-13,17,12,23,8,57,0,8,15,0,1016,0,0,""
"Milano",2013-05-14,19,13,23,10,56,10,7,15,0,1013,0,0,""
"Milano",2013-05-15,16,13,21,11,71,10,9,20,0,1007,0,0,"pioggia "
"Milano",2013-05-16,14,13,16,13,93,8,10,19,0,1000,0,0,"pioggia "
"Milano",2013-05-17,16,13,21,11,76,9,11,22,0,1002,0,0,"pioggia temporale "
"Milano",2013-05-18,15,11,19,10,73,10,8,17,0,1013,0,0,"pioggia "
"Milano",2013-05-19,15,12,19,11,80,10,11,22,0,1010,0,0,"pioggia "
"Milano",2013-05-20,15,11,20,9,67,10,10,22,0,1014,0,0,"pioggia "
"Milano",2013-05-21,15,12,20,9,66,10,8,20,0,1013,0,0,"pioggia "
"Milano",2013-05-22,16,9,23,9,65,10,7,17,0,1007,0,0,"pioggia temporale "
"Milano",2013-05-23,18,12,23,9,59,10,8,24,0,1001,0,0,"pioggia temporale "
"Milano",2013-05-24,10,7,13,7,82,8,13,30,46,1004,0,0,"pioggia temporale "
"Milano",2013-05-25,10,9,12,8,88,10,6,15,0,1007,0,0,"pioggia "
"Milano",2013-05-26,14,6,20,5,60,10,13,26,0,1010,0,0,"nebbia "
"Milano",2013-05-27,17,12,22,8,57,10,13,20,0,1010,0,0,""
"Milano",2013-05-28,17,15,19,10,62,10,7,13,0,1007,0,0,""
"Milano",2013-05-29,15,11,20,9,70,9,11,30,0,1001,0,0,"pioggia "
"Milano",2013-05-30,14,10,20,8,72,10,8,19,22,1003,0,0,"pioggia temporale "
"Milano",2013-05-31,16,11,22,8,62,10,14,24,0,1001,0,0,""
"Milano",2013-06-01,17,13,21,11,66,10,8,19,35,1005,0,0,""
"Milano",2013-06-03,19,15,23,12,68,10,8,17,0,1014,0,0,"pioggia temporale "
"Milano",2013-06-04,20,14,26,11,57,10,8,17,0,1014,0,0,""
"Milano",2013-06-05,21,17,26,12,59,10,8,17,0,1015,0,0,"pioggia "
"Milano",2013-06-06,21,16,26,14,68,10,8,15,0,1017,0,0,"pioggia temporale "
"Milano",2013-06-07,22,17,27,14,61,10,7,13,0,1017,0,0,"pioggia temporale "
"Milano",2013-06-08,23,17,28,14,61,10,6,15,0,1014,0,0,""
"Milano",2013-06-09,19,14,22,15,78,8,7,13,0,1011,0,0,"pioggia temporale "
"Milano",2013-06-10,18,14,22,13,73,10,8,19,0,1010,0,0,"pioggia nebbia "
"Milano",2013-06-11,22,15,28,12,58,10,8,15,0,1012,0,0,""
"Milano",2013-06-12,23,17,29,13,54,10,7,13,0,1016,0,0,""
"Milano",2013-06-13,24,19,30,13,51,0,7,11,0,1018,0,0,""
"Milano",2013-06-14,25,19,30,14,52,10,7,13,0,1015,0,0,""
"Milano",2013-06-15,25,20,30,17,61,10,9,17,0,1015,0,0,""
"Milano",2013-06-16,26,21,31,16,58,10,8,15,0,1016,0,0,""
"Milano",2013-06-17,28,22,33,16,49,10,6,11,0,1016,0,0,""
"Milano",2013-06-18,29,22,35,17,51,0,6,11,0,1015,0,0,""
"Milano",2013-06-19,29,24,34,17,50,10,7,13,0,1015,0,0,""
"Milano",2013-06-20,27,23,31,17,55,10,8,22,0,1015,0,0,"pioggia "
"Milano",2013-06-21,24,20,29,13,52,10,10,17,0,1014,0,0,""
"Milano",2013-06-22,24,19,28,14,56,10,12,17,0,1015,0,0,""
"Milano",2013-06-23,24,20,29,15,59,10,12,22,41,1013,0,0,""
"Milano",2013-06-24,22,17,27,10,52,10,10,28,43,1012,0,0,"pioggia temporale "
"Milano",2013-06-25,22,14,28,6,38,10,8,20,0,1015,0,0,""
"Milano",2013-06-26,21,17,26,8,43,10,8,24,0,1020,0,0,""
"Milano",2013-06-27,18,13,23,10,65,10,12,24,39,1021,0,0,"pioggia temporale "
"Milano",2013-06-28,17,12,21,10,69,10,8,15,0,1019,0,0,""
"Milano",2013-06-29,18,13,22,11,66,9,6,11,0,1018,0,0,"pioggia "
"Milano",2013-06-30,21,13,28,11,57,0,5,11,0,1017,0,0,""
"Milano",2013-07-01,23,16,29,12,53,10,6,11,0,1018,0,0,""
"Milano",2013-07-02,24,17,30,12,47,10,7,13,0,1017,0,0,""
"Milano",2013-07-03,23,19,26,13,54,10,6,13,0,1015,0,0,""
"Milano",2013-07-04,24,17,30,15,58,10,6,13,0,1016,0,0,""
"Milano",2013-07-05,26,21,31,16,55,10,5,9,0,1021,0,0,""
"Milano",2013-07-06,27,23,31,16,52,10,9,15,0,1021,0,0,""
"Milano",2013-07-07,25,21,31,17,61,10,10,24,0,1022,0,0,"pioggia temporale "
"Milano",2013-07-08,25,22,30,17,60,10,8,20,0,1023,0,0,"temporale "
"Milano",2013-07-09,26,20,31,17,60,10,6,11,0,1019,0,0,""
"Milano",2013-07-10,25,20,30,17,63,10,9,26,0,1014,0,0,"pioggia temporale "
"Milano",2013-07-11,26,20,31,17,61,10,7,15,0,1011,0,0,"pioggia "
"Milano",2013-07-12,25,20,30,17,59,10,10,24,0,1015,0,0,""
"Milano",2013-07-13,25,20,30,18,65,10,9,61,32,1016,0,0,"pioggia temporale "
"Milano",2013-07-14,24,18,29,16,63,10,8,18,0,1018,0,0,"pioggia temporale "
"Milano",2013-07-15,26,20,31,17,61,10,6,14,0,1017,0,0,""
"Milano",2013-07-16,26,22,30,18,62,9,10,25,0,1019,0,0,""
"Milano",2013-07-17,25,22,29,17,62,10,10,22,0,1020,0,0,""
"Milano",2013-07-18,24,21,29,17,64,10,9,17,0,1019,0,0,""
"Milano",2013-07-19,24,19,30,18,70,10,7,15,0,1017,0,0,""
"Milano",2013-07-20,26,19,31,17,61,10,5,11,0,1016,0,0,""
"Milano",2013-07-21,26,20,32,17,59,10,8,19,0,1017,0,0,""
"Milano",2013-07-22,27,22,32,18,57,10,7,11,0,1016,0,0,""
"Milano",2013-07-23,28,22,33,16,50,10,6,13,0,1013,0,0,""
"Milano",2013-07-24,27,22,32,17,57,10,9,19,0,1014,0,0,""
"Milano",2013-07-25,27,22,32,20,65,10,8,15,0,1016,0,0,""
"Milano",2013-07-26,28,22,34,20,63,10,7,13,0,1015,0,0,""
"Milano",2013-07-27,29,23,34,20,60,10,7,11,0,1013,0,0,""
"Milano",2013-07-28,30,24,35,17,47,10,7,11,0,1014,0,0,"pioggia temporale "
"Milano",2013-07-29,24,20,29,17,65,10,10,28,48,1014,0,0,"pioggia temporale "
"Milano",2013-07-30,24,15,30,11,49,10,7,15,0,1017,0,0,""
"Milano",2013-07-31,25,18,31,15,56,0,6,11,0,1018,0,0,""
"Milano",2013-08-01,27,20,32,16,56,10,6,11,0,1018,0,0,""
"Milano",2013-08-02,27,19,34,18,59,0,6,11,0,1018,0,0,""
"Milano",2013-08-03,28,21,35,17,55,10,7,15,0,1017,0,0,""
"Milano",2013-08-04,28,22,34,18,54,10,7,11,0,1017,0,0,""
"Milano",2013-08-05,29,22,34,19,56,0,6,13,0,1016,0,0,""
"Milano",2013-08-06,29,23,34,18,52,10,6,13,0,1014,0,0,""
"Milano",2013-08-07,27,23,30,20,64,10,7,19,0,1012,0,0,"pioggia "
"Milano",2013-08-08,24,22,26,20,79,9,8,17,0,1014,0,0,"pioggia temporale "
"Milano",2013-08-09,24,18,29,17,65,10,10,17,0,1014,0,0,"pioggia "
"Milano",2013-08-10,25,19,30,12,49,0,7,13,0,1014,0,0,""
"Milano",2013-08-11,25,19,30,15,56,10,8,15,0,1016,0,0,""
"Milano",2013-08-12,26,20,31,16,57,10,7,11,0,1015,0,0,""
"Milano",2013-08-13,27,20,32,16,52,10,8,13,0,1013,0,0,""
"Milano",2013-08-14,22,19,25,17,76,10,13,26,0,1016,0,0,"pioggia temporale "
"Milano",2013-08-15,22,16,27,14,61,10,7,13,0,1020,0,0,""
"Milano",2013-08-16,23,18,28,14,60,10,6,9,0,1019,0,0,""
"Milano",2013-08-17,24,17,31,15,61,10,5,9,0,1017,0,0,""
"Milano",2013-08-18,25,19,32,15,58,10,6,11,0,1016,0,0,""
"Milano",2013-08-19,25,19,30,17,61,10,8,15,0,1015,0,0,"pioggia temporale "
"Milano",2013-08-20,22,17,28,15,69,10,9,20,0,1018,0,0,"temporale nebbia "
"Milano",2013-08-21,22,16,28,13,61,10,6,15,0,1020,0,0,""
"Milano",2013-08-22,23,16,29,14,61,10,6,11,0,1017,0,0,""
"Milano",2013-08-23,24,19,29,15,61,10,6,13,0,1015,0,0,""
"Milano",2013-08-24,22,17,29,17,77,9,7,22,37,1012,0,0,"pioggia temporale "
"Milano",2013-08-25,20,17,26,17,80,9,7,26,0,1008,0,0,"pioggia temporale "
"Milano",2013-08-26,20,16,24,15,78,9,9,28,0,1010,0,0,"pioggia temporale "
"Milano",2013-08-27,19,16,24,16,80,10,5,9,0,1011,0,0,"pioggia temporale "
"Milano",2013-08-28,21,16,27,16,74,9,7,22,0,1012,0,0,""
"Milano",2013-08-29,21,19,25,16,72,10,8,13,0,1018,0,0,"pioggia "
"Milano",2013-08-30,22,17,26,15,67,10,7,13,0,1019,0,0,""
"Milano",2013-08-31,22,17,27,15,68,10,6,11,0,1019,0,0,""
"Milano",2013-09-01,23,18,28,16,67,10,6,11,0,1019,0,0,"temporale "
"Milano",2013-09-02,22,17,27,15,66,10,7,13,0,1021,0,0,"pioggia temporale "
"Milano",2013-09-03,22,16,29,15,67,0,5,9,0,1022,0,0,""
"Milano",2013-09-04,23,17,29,17,68,8,6,11,0,1022,0,0,""
"Milano",2013-09-05,23,18,29,18,71,9,6,15,0,1017,0,0,""
"Milano",2013-09-06,24,19,29,17,69,10,7,11,0,1014,0,0,""
"Milano",2013-09-07,24,20,30,17,66,10,6,9,0,1017,0,0,""
"Milano",2013-09-08,23,20,26,19,76,10,10,22,0,1017,0,0,"pioggia "
"Milano",2013-09-09,23,17,29,14,66,9,7,17,0,1014,0,0,"nebbia "
"Milano",2013-09-10,21,17,25,15,72,10,8,17,0,1013,0,0,"pioggia temporale "
"Milano",2013-09-11,19,15,23,14,77,10,8,17,0,1013,0,0,"pioggia temporale nebbia "
"Milano",2013-09-12,19,14,24,11,62,10,8,17,0,1014,0,0,""
"Milano",2013-09-13,19,12,25,10,58,10,8,17,0,1017,0,0,""
"Milano",2013-09-14,19,12,24,12,65,10,8,17,0,1017,0,0,""
"Milano",2013-09-15,17,16,19,15,87,7,8,22,0,1012,0,0,"pioggia "
"Milano",2013-09-16,18,12,22,14,81,8,5,13,0,1006,0,0,"pioggia nebbia "
"Milano",2013-09-17,19,14,23,9,47,9,10,22,33,1002,0,0,"pioggia "
"Milano",2013-09-18,16,11,20,10,69,10,5,9,0,1005,0,0,""
"Milano",2013-09-19,18,11,25,13,75,9,6,11,0,1007,0,0,"nebbia "
"Milano",2013-09-21,18,13,24,15,80,8,5,9,0,1020,0,0,"nebbia "
"Milano",2013-09-22,19,14,24,15,77,8,5,9,0,1024,0,0,"nebbia "
"Milano",2013-09-23,19,14,25,14,77,8,5,11,0,1021,0,0,"nebbia "
"Milano",2013-09-24,19,13,26,15,77,7,10,17,0,1016,0,0,"nebbia "
"Milano",2013-09-25,20,17,24,14,71,10,7,11,0,1014,0,0,""
"Milano",2013-09-26,21,17,26,16,73,10,9,17,0,1014,0,0,""
"Milano",2013-09-27,21,17,25,17,78,9,6,11,0,1014,0,0,""
"Milano",2013-09-28,22,20,25,17,74,9,5,9,0,1012,0,0,""
"Milano",2013-09-29,19,17,22,16,83,9,10,20,0,1006,0,0,"pioggia "
"Milano",2013-09-30,16,14,17,13,85,10,11,17,0,1004,0,0,"pioggia "
"Milano",2013-10-01,17,15,20,12,74,10,5,7,0,1009,0,0,""
"Milano",2013-10-02,17,15,21,13,75,9,7,13,0,1016,0,0,""
"Milano",2013-10-03,16,14,17,10,68,10,12,17,0,1025,0,0,""
"Milano",2013-10-04,14,13,16,9,69,10,8,13,0,1027,0,0,"pioggia "
"Milano",2013-10-05,12,10,15,11,92,6,6,17,0,1022,0,0,"pioggia "
"Milano",2013-10-06,14,12,16,13,95,4,4,7,0,1021,0,0,"pioggia "
"Milano",2013-10-07,15,14,17,14,96,7,6,17,0,1022,0,0,"pioggia "
"Milano",2013-10-08,14,12,18,12,89,6,4,9,0,1023,0,0,"pioggia nebbia "
"Milano",2013-10-09,15,12,19,13,89,6,5,9,0,1019,0,0,"pioggia nebbia "
"Milano",2013-10-10,15,7,18,13,92,3,11,44,72,1008,0,0,"pioggia temporale nebbia "
"Milano",2013-10-11,12,8,17,4,60,10,11,19,37,1010,0,0,"pioggia temporale "
"Milano",2013-10-12,12,9,15,8,80,10,9,26,0,1017,0,0,"pioggia "
"Milano",2013-10-13,12,11,13,10,88,10,7,15,0,1022,0,0,"pioggia "
"Milano",2013-10-14,13,10,15,10,86,10,5,7,0,1021,0,0,""
"Milano",2013-10-15,13,11,16,11,85,9,5,11,0,1017,0,0,"pioggia "
"Milano",2013-10-16,15,10,22,10,73,8,9,17,0,1009,0,0,""
"Milano",2013-10-17,14,9,20,10,75,8,5,9,0,1015,0,0,""
"Milano",2013-10-18,14,9,19,11,85,6,4,9,0,1017,0,0,"nebbia "
"Milano",2013-10-19,14,12,17,12,89,3,4,7,0,1022,0,0,""
"Milano",2013-10-20,15,14,16,14,95,2,4,9,0,1024,0,0,"pioggia "
"Milano",2013-10-21,15,14,16,14,97,2,5,9,0,1023,0,0,"pioggia "
"Milano",2013-10-22,15,14,15,15,100,2,4,7,0,1022,0,0,"pioggia "
"Milano",2013-10-23,16,15,17,16,96,3,14,24,0,1017,0,0,"pioggia temporale "
"Milano",2013-10-24,17,15,19,16,95,5,5,9,0,1020,0,0,"pioggia nebbia "
"Milano",2013-10-25,17,15,19,15,91,7,4,7,0,1022,0,0,""
"Milano",2013-10-26,18,15,22,15,86,6,5,11,0,1023,0,0,"nebbia "
"Milano",2013-10-27,17,16,18,16,93,4,6,9,0,1020,0,0,""
"Milano",2013-10-28,18,16,21,16,89,6,5,11,0,1016,0,0,"pioggia "
"Milano",2013-10-29,17,16,18,16,94,4,7,11,0,1013,0,0,"pioggia temporale "
"Milano",2013-10-30,16,14,19,14,91,8,7,20,0,1017,0,0,"pioggia "
"Milano",2013-10-31,15,10,18,10,74,11,8,22,0,1024,0,0,""
"Milano",2013-11-01,12,8,16,10,89,9,4,6,0,1022,0,0,"nebbia "
"Milano",2013-11-02,14,13,15,12,86,7,4,7,0,1016,0,0,""
"Milano",2013-11-03,14,10,17,12,92,5,6,11,0,1009,0,0,"pioggia nebbia "
"Milano",2013-11-04,11,10,12,11,99,3,8,11,0,1003,0,0,"pioggia nebbia "
"Milano",2013-11-05,12,8,16,10,89,8,6,13,0,998,0,0,"nebbia "
"Milano",2013-11-06,14,10,20,9,74,7,8,15,0,1005,0,0,""
"Milano",2013-11-07,12,7,15,11,91,6,5,9,0,1015,0,0,"nebbia "
"Milano",2013-11-08,13,13,14,13,97,2,5,11,0,1017,0,0,"pioggia nebbia "
"Milano",2013-11-09,13,10,16,13,96,3,6,11,0,1011,0,0,"pioggia nebbia "
"Milano",2013-11-10,12,9,14,7,79,5,8,20,46,1006,0,0,"nebbia "
"Milano",2013-11-11,13,6,18,2,30,10,14,28,50,1013,0,0,""
"Milano",2013-11-12,10,4,17,3,61,10,6,9,0,1021,0,0,""
"Milano",2013-11-13,10,5,15,6,74,10,5,9,0,1020,0,0,"pioggia "
"Milano",2013-11-14,11,9,12,9,87,10,8,15,0,1017,0,0,"pioggia "
"Milano",2013-11-15,8,7,9,8,99,7,8,19,0,1017,0,0,"pioggia "
"Milano",2013-11-16,10,5,13,8,90,9,6,13,0,1025,0,0,"nebbia "
"Milano",2013-11-17,10,8,12,7,83,10,5,11,0,1023,0,0,"pioggia "
"Milano",2013-11-18,10,9,11,9,95,5,6,9,0,1017,0,0,"pioggia "
"Milano",2013-11-19,10,10,11,10,98,7,7,13,0,1004,0,0,"pioggia nebbia "
"Milano",2013-11-20,10,8,13,9,95,6,6,13,0,1001,0,0,"pioggia "
"Milano",2013-11-21,6,4,8,5,89,10,14,33,52,997,0,0,"pioggia "
"Milano",2013-11-22,6,4,8,4,89,10,7,15,0,1000,0,0,"pioggia "
"Milano",2013-11-23,5,3,6,4,92,10,5,11,0,1001,0,0,"pioggia "
"Milano",2013-11-24,8,4,13,5,85,10,6,11,0,1008,0,0,"pioggia nebbia "
"Milano",2013-11-25,5,-1,12,2,74,5,6,13,0,1015,0,0,"nebbia "
"Milano",2013-11-26,3,-2,8,0,57,0,6,11,0,1021,0,0,""
"Milano",2013-11-27,1,-4,8,0,72,10,6,13,0,1027,0,0,""
"Milano",2013-11-28,2,-2,7,0,74,0,6,9,0,1029,0,0,""
"Milano",2013-11-29,2,-3,7,0,78,8,5,7,0,1024,0,0,""
"Milano",2013-11-30,1,-1,3,2,94,5,7,11,0,1017,0,0,"pioggia neve nebbia "
"Milano",2013-12-01,2,-3,8,2,88,3,4,11,0,1022,0,0,"nebbia "
"Milano",2013-12-02,5,0,11,1,73,9,5,13,0,1026,0,0,""
"Milano",2013-12-03,4,-2,10,2,84,7,4,7,0,1029,0,0,"nebbia "
"Milano",2013-12-04,2,-3,9,1,88,7,7,13,0,1024,0,0,"nebbia "
"Milano",2013-12-05,3,-3,10,2,88,4,3,7,0,1021,0,0,"nebbia "
"Milano",2013-12-06,9,2,13,4,67,8,11,20,37,1013,0,0,""
"Milano",2013-12-07,4,-1,10,3,88,5,5,13,0,1021,0,0,"nebbia "
"Milano",2013-12-08,2,0,4,3,99,1,4,7,0,1028,0,0,"nebbia "
"Milano",2013-12-09,2,0,6,2,97,2,7,11,0,1030,0,0,"nebbia "
"Milano",2013-12-10,0,-2,2,1,100,0,5,9,0,1034,0,0,"nebbia "
"Milano",2013-12-11,0,-2,4,2,100,0,6,11,0,1035,0,0,"nebbia "
"Milano",2013-12-12,-1,-2,1,-1,100,0,5,11,0,1032,0,0,"nebbia "
"Milano",2013-12-13,1,-4,8,2,94,4,6,9,0,1026,0,0,"nebbia "
"Milano",2013-12-14,4,-2,12,3,88,5,4,9,0,1026,0,0,"nebbia "
"Milano",2013-12-15,2,-2,8,2,95,3,5,9,0,1033,0,0,"nebbia "
"Milano",2013-12-16,2,-3,9,2,89,3,5,11,0,1035,0,0,"nebbia "
"Milano",2013-12-17,2,-4,9,1,87,3,5,11,0,1033,0,0,"nebbia "
"Milano",2013-12-18,2,-3,8,0,92,3,3,6,0,1027,0,0,"nebbia "
"Milano",2013-12-19,3,2,4,3,96,3,5,11,0,1023,0,0,"pioggia "
"Milano",2013-12-20,4,3,5,4,100,4,8,15,0,1029,0,0,"pioggia "
"Milano",2013-12-21,5,4,6,5,99,4,5,9,0,1035,0,0,"pioggia "
"Milano",2013-12-22,6,6,7,6,100,2,5,7,0,1031,0,0,"pioggia nebbia "
"Milano",2013-12-23,7,6,8,7,98,2,6,11,0,1026,0,0,"pioggia nebbia "
"Milano",2013-12-24,7,6,7,7,100,2,10,20,0,1020,0,0,"pioggia nebbia "
"Milano",2013-12-25,9,6,11,8,94,7,24,35,50,1003,0,0,"pioggia nebbia "
"Milano",2013-12-26,10,8,12,9,93,9,23,39,54,991,0,0,"pioggia "
"Milano",2013-12-27,7,3,10,6,96,4,5,13,0,1009,0,0,"pioggia nebbia "
"Milano",2013-12-28,5,2,8,5,97,6,4,9,0,1015,0,0,"pioggia nebbia "
"Milano",2013-12-29,6,3,9,6,95,6,6,13,0,1017,0,0,"pioggia nebbia "
"Milano",2013-12-30,5,-1,11,3,87,10,5,9,0,1026,0,0,"nebbia "
"Milano",2013-12-31,3,0,9,1,87,9,4,7,0,1023,0,0,"nebbia "
"Milano",2014-01-01,2,-3,7,1,89,4,3,7,0,1020,0,0,"pioggia nebbia "
"Milano",2014-01-02,3,3,4,3,99,4,6,11,0,1018,0,0,"pioggia "
"Milano",2014-01-03,4,3,5,4,96,4,8,11,0,1021,0,0,"pioggia "
"Milano",2014-01-04,5,4,5,5,99,4,6,13,0,1015,0,0,"pioggia nebbia "
"Milano",2014-01-05,6,4,9,6,98,7,6,13,0,1007,0,0,"pioggia nebbia "
"Milano",2014-01-06,5,0,10,4,96,5,4,7,0,1020,0,0,"nebbia "
"Milano",2014-01-07,5,1,10,4,94,5,4,9,0,1025,0,0,"nebbia "
"Milano",2014-01-08,8,6,10,5,84,9,7,11,0,1027,0,0,""
"Milano",2014-01-09,8,7,9,6,87,10,7,11,0,1022,0,0,""
"Milano",2014-01-10,9,8,11,7,90,9,5,9,0,1019,0,0,"pioggia "
"Milano",2014-01-11,9,8,10,8,94,4,6,11,0,1022,0,0,"pioggia "
"Milano",2014-01-12,5,3,9,5,99,1,6,11,0,1023,0,0,"nebbia "
"Milano",2014-01-13,5,4,7,5,100,2,7,11,0,1019,0,0,"pioggia nebbia "
"Milano",2014-01-14,6,5,6,5,94,7,8,13,0,1008,0,0,"pioggia "
"Milano",2014-01-15,4,0,6,3,90,6,8,13,0,1012,0,0,"nebbia "
"Milano",2014-01-16,3,0,5,3,99,2,4,9,0,1015,0,0,"pioggia nebbia "
"Milano",2014-01-17,3,2,5,3,100,6,8,15,0,1010,0,0,"pioggia "
"Milano",2014-01-18,4,3,5,4,100,4,6,9,0,1009,0,0,"pioggia "
"Milano",2014-01-19,6,4,8,6,100,4,6,11,0,1003,0,0,"pioggia "
"Milano",2014-01-20,7,6,8,7,100,4,7,11,0,1001,0,0,"pioggia "
"Milano",2014-01-21,7,4,11,6,95,5,6,13,0,1005,0,0,"nebbia "
"Milano",2014-01-22,7,3,11,6,92,6,3,6,0,1011,0,0,"nebbia "
"Milano",2014-01-23,8,6,11,7,90,8,4,9,0,1015,0,0,"nebbia "
"Milano",2014-01-24,7,4,12,5,84,4,6,15,0,1008,0,0,"nebbia "
"Milano",2014-01-25,5,-1,10,0,55,18,5,13,0,1010,0,0,""
"Milano",2014-01-26,7,0,13,2,58,14,10,22,46,1009,0,0,""
"Milano",2014-01-27,5,2,8,3,85,9,7,17,0,1001,0,0,""
"Milano",2014-01-28,3,0,6,2,90,7,6,13,0,1001,0,0,"nebbia "
"Milano",2014-01-29,2,-3,5,2,92,6,7,15,0,1004,0,0,"pioggia nebbia "
"Milano",2014-01-30,2,0,3,2,99,5,6,11,0,1009,0,0,"pioggia neve "
"Milano",2014-01-31,3,1,6,3,98,4,9,13,0,1011,0,0,"pioggia "
"Milano",2014-02-01,5,3,5,5,100,3,7,11,0,1010,0,0,"pioggia nebbia "
"Milano",2014-02-02,6,4,8,6,97,5,7,13,0,1009,0,0,"pioggia nebbia "
"Milano",2014-02-03,7,6,8,7,100,2,7,11,0,1013,0,0,"pioggia "
"Milano",2014-02-04,7,6,7,6,98,4,8,15,0,1015,0,0,"pioggia "
"Milano",2014-02-05,7,6,7,7,99,3,10,17,0,1011,0,0,"pioggia nebbia "
"Milano",2014-02-06,7,3,11,5,87,13,7,15,0,1013,0,0,"pioggia nebbia "
"Milano",2014-02-07,6,4,7,6,97,7,6,13,0,1012,0,0,"pioggia nebbia "
"Milano",2014-02-08,5,2,7,5,97,5,6,11,0,1008,0,0,"pioggia nebbia "
"Milano",2014-02-09,7,4,12,5,87,5,10,19,0,1003,0,0,"pioggia nebbia "
"Milano",2014-02-10,5,3,6,4,94,8,13,32,50,1004,0,0,"pioggia "
"Milano",2014-02-11,6,3,10,4,91,6,7,13,0,1006,0,0,"pioggia nebbia "
"Milano",2014-02-12,8,3,16,4,71,15,9,22,43,1008,0,0,""
"Milano",2014-02-13,5,2,7,3,85,9,7,15,0,1009,0,0,"pioggia "
"Milano",2014-02-14,7,2,13,2,71,15,8,19,0,1012,0,0,""
"Milano",2014-02-15,6,2,8,4,83,9,4,7,0,1016,0,0,""
"Milano",2014-02-16,7,6,8,7,98,3,4,7,0,1014,0,0,"pioggia nebbia "
"Milano",2014-02-17,8,7,11,8,96,4,6,9,0,1014,0,0,"pioggia nebbia "
"Milano",2014-02-18,9,6,12,7,89,9,6,11,0,1020,0,0,""
"Milano",2014-02-19,9,8,10,8,96,7,7,11,0,1013,0,0,"pioggia "
"Milano",2014-02-20,9,7,11,8,93,9,6,11,0,1014,0,0,"pioggia "
"Milano",2014-02-21,9,6,13,7,88,9,5,11,0,1012,0,0,"pioggia "
"Milano",2014-02-22,9,5,15,6,80,4,7,15,0,1013,0,0,"nebbia "
"Milano",2014-02-23,8,4,13,5,80,10,6,13,0,1022,0,0,""
"Milano",2014-02-24,8,2,14,3,75,9,5,9,0,1022,0,0,"nebbia "
"Milano",2014-02-25,7,1,13,3,77,10,5,11,0,1019,0,0,"nebbia "
"Milano",2014-02-26,8,6,9,7,92,6,8,17,0,1019,0,0,"pioggia temporale "
"Milano",2014-02-27,7,6,9,6,93,7,5,9,0,1020,0,0,"pioggia "
"Milano",2014-02-28,7,4,9,6,90,7,9,24,0,1009,0,0,"pioggia nebbia "
"Milano",2014-03-01,7,5,8,6,93,7,10,26,0,999,0,0,"pioggia "
"Milano",2014-03-02,8,6,12,6,86,12,8,15,0,1000,0,0,"pioggia "
"Milano",2014-03-03,8,5,11,6,87,8,6,11,0,997,0,0,"pioggia "
"Milano",2014-03-04,10,7,13,6,76,11,9,20,0,997,0,0,"pioggia "
"Milano",2014-03-05,10,5,16,4,69,11,7,15,0,1010,0,0,"nebbia "
"Milano",2014-03-06,11,5,17,4,60,25,6,13,0,1019,0,0,""
"Milano",2014-03-07,11,5,17,3,60,10,6,11,0,1022,0,0,""
"Milano",2014-03-08,10,4,16,5,71,9,8,22,0,1027,0,0,""
"Milano",2014-03-09,10,4,16,5,74,7,5,11,0,1029,0,0,"nebbia "
"Milano",2014-03-10,10,4,15,4,70,9,8,19,0,1023,0,0,""
"Milano",2014-03-11,9,5,14,4,68,9,6,15,0,1024,0,0,""
"Milano",2014-03-12,11,3,18,3,63,7,6,11,0,1029,0,0,""
"Milano",2014-03-13,11,4,18,4,64,7,5,9,0,1027,0,0,"nebbia "
"Milano",2014-03-14,12,5,19,5,63,7,4,9,0,1025,0,0,""
"Milano",2014-03-15,12,5,19,6,67,6,10,19,0,1016,0,0,"nebbia "
"Milano",2014-03-16,16,6,25,7,60,12,9,17,0,1015,0,0,""
"Milano",2014-03-17,15,6,25,8,67,6,7,19,0,1017,0,0,"nebbia "
"Milano",2014-03-18,13,7,19,9,79,5,9,17,0,1018,0,0,"nebbia "
"Milano",2014-03-19,16,12,23,9,65,15,12,24,30,1019,0,0,""
"Milano",2014-03-20,13,10,16,10,87,3,8,11,0,1025,0,0,"nebbia "
"Milano",2014-03-21,14,9,19,10,79,5,8,15,0,1020,0,0,"nebbia "
"Milano",2014-03-22,13,11,15,10,84,7,11,19,0,1012,0,0,"pioggia "
"Milano",2014-03-23,10,6,13,7,81,9,14,28,46,1000,0,0,"pioggia "
"Milano",2014-03-24,10,4,16,4,57,14,11,26,0,1006,0,0,""
"Milano",2014-03-25,7,4,11,3,72,11,11,17,0,1008,0,0,"pioggia "
"Milano",2014-03-26,9,6,12,4,75,10,8,17,0,1010,0,0,"pioggia "
"Milano",2014-03-27,10,7,15,4,67,10,6,9,0,1010,0,0,""
"Milano",2014-03-28,11,5,18,5,68,8,6,11,0,1015,0,0,""
"Milano",2014-03-29,13,5,19,5,61,10,6,15,0,1021,0,0,""
"Milano",2014-03-30,14,7,20,6,60,10,6,13,0,1018,0,0,""
"Milano",2014-03-31,14,7,21,5,58,10,11,17,0,1015,0,0,""
"Milano",2014-04-01,15,12,20,8,62,10,11,19,0,1014,0,0,""
"Milano",2014-04-02,14,10,19,9,69,10,9,15,0,1014,0,0,""
"Milano",2014-04-03,14,10,16,10,77,9,5,9,0,1011,0,0,""
"Milano",2014-04-04,14,12,16,10,80,8,6,13,0,1007,0,0,"pioggia "
"Milano",2014-04-05,15,10,20,11,79,8,9,22,0,1010,0,0,"pioggia nebbia "
"Milano",2014-04-06,16,9,23,10,69,10,6,11,0,1016,0,0,"nebbia "
"Milano",2014-04-07,18,10,24,10,62,10,6,11,0,1018,0,0,""
"Milano",2014-04-08,16,11,21,11,69,10,9,17,0,1017,0,0,""
"Milano",2014-04-09,16,9,22,8,64,12,10,17,0,1017,0,0,"nebbia "
"Milano",2014-04-10,16,9,24,6,54,20,9,17,0,1017,0,0,""
"Milano",2014-04-11,16,9,21,9,62,10,10,17,0,1016,0,0,""
"Milano",2014-04-12,16,11,20,8,61,10,8,13,0,1016,0,0,""
"Milano",2014-04-13,16,13,21,10,69,10,8,13,0,1016,0,0,""
"Milano",2014-04-14,16,11,24,10,68,10,10,24,0,1014,0,0,""
"Milano",2014-04-15,15,12,19,7,44,13,17,32,0,1013,0,0,""
"Milano",2014-04-16,12,6,18,2,37,30,8,17,0,1020,0,0,""
"Milano",2014-04-17,12,4,19,1,37,10,6,19,0,1018,0,0,""
"Milano",2014-04-18,12,5,18,3,49,10,5,19,0,1009,0,0,"pioggia "
"Milano",2014-04-19,11,7,15,8,83,9,12,24,30,1005,0,0,"pioggia temporale "
"Milano",2014-04-20,13,7,19,9,78,9,8,17,0,1006,0,0,"pioggia nebbia "
"Milano",2014-04-21,12,11,13,11,95,8,9,15,0,1007,0,0,"pioggia "
"Milano",2014-04-22,15,12,20,12,79,10,5,13,0,1012,0,0,"pioggia nebbia "
"Milano",2014-04-23,16,10,23,11,72,10,6,13,0,1016,0,0,"nebbia "
"Milano",2014-04-24,18,11,25,11,68,9,6,17,0,1014,0,0,"nebbia "
"Milano",2014-04-25,19,12,24,11,63,10,6,13,0,1010,0,0,""
"Milano",2014-04-26,19,12,25,11,62,10,7,13,0,1008,0,0,""
"Milano",2014-04-27,15,13,18,12,82,10,11,19,0,1005,0,0,"pioggia temporale "
"Milano",2014-04-28,12,11,13,11,97,8,6,9,0,1005,0,0,"pioggia "
"Milano",2014-04-29,16,10,22,11,76,10,7,13,0,1008,0,0,"pioggia "
"Milano",2014-04-30,13,12,17,12,89,10,8,19,0,1008,0,0,"pioggia temporale "
"Milano",2014-05-01,15,9,22,10,75,8,7,19,0,1010,0,0,"temporale nebbia "
"Milano",2014-05-02,13,11,16,11,86,9,8,17,0,1009,0,0,"pioggia temporale "
"Milano",2014-05-03,16,10,21,11,77,12,8,20,0,1008,0,0,"pioggia temporale nebbia "
"Milano",2014-05-04,16,10,22,8,63,25,6,13,0,1011,0,0,"nebbia "
"Milano",2014-05-05,17,10,22,8,57,10,8,17,0,1016,0,0,""
"Milano",2014-05-06,17,11,21,9,62,10,7,13,0,1018,0,0,""
"Milano",2014-05-07,17,15,19,10,65,10,7,15,0,1016,0,0,"temporale "
"Milano",2014-05-08,17,10,23,11,71,7,6,15,0,1018,0,0,"nebbia "
"Milano",2014-05-09,19,13,25,11,60,10,6,9,0,1016,0,0,""
"Milano",2014-05-10,20,14,25,11,57,10,8,17,0,1014,0,0,""
"Milano",2014-05-11,19,16,24,13,60,12,11,26,44,1008,0,0,"temporale "
"Milano",2014-05-12,16,10,22,5,46,20,7,13,0,1011,0,0,""
"Milano",2014-05-13,15,11,20,8,62,12,9,24,43,1012,0,0,"pioggia temporale "
"Milano",2014-05-14,18,9,23,8,28,10,17,28,54,1017,0,0,""
"Milano",2014-05-15,18,13,23,1,22,19,12,26,43,1018,0,0,""
"Milano",2014-05-16,18,9,24,3,34,25,7,13,0,1014,0,0,""
"Milano",2014-05-17,18,12,24,3,35,51,7,11,0,1015,0,0,""
"Milano",2014-05-18,19,13,24,7,46,10,8,15,26,1014,0,0,""
"Milano",2014-05-19,18,12,22,9,55,10,7,13,0,1016,0,0,""
"Milano",2014-05-20,19,15,24,11,60,10,8,13,0,1018,0,0,"pioggia "
"Milano",2014-05-21,21,14,26,12,55,10,5,9,0,1018,0,0,""
"Milano",2014-05-22,20,17,25,14,68,10,7,20,0,1015,0,0,"pioggia temporale "
"Milano",2014-05-23,21,17,26,12,63,8,9,20,0,1012,0,0,"pioggia "
"Milano",2014-05-24,20,13,25,9,49,10,9,13,0,1015,0,0,""
"Milano",2014-05-25,21,13,26,6,39,10,7,15,32,1016,0,0,""
"Milano",2014-05-26,19,18,23,11,57,11,7,15,0,1014,0,0,"pioggia temporale "
"Milano",2014-05-27,19,13,23,11,64,10,11,20,0,1011,0,0,"pioggia "
"Milano",2014-05-28,19,14,25,11,59,10,10,19,0,1010,0,0,""
"Milano",2014-05-29,19,14,25,11,61,10,6,17,0,1011,0,0,"temporale "
"Milano",2014-05-30,21,13,27,11,57,12,7,20,39,1011,0,0,"pioggia temporale nebbia "
"Milano",2014-05-31,18,15,22,12,67,10,13,22,0,1016,0,0,"pioggia temporale "
"Milano",2014-06-01,19,12,25,9,54,10,8,17,0,1016,0,0,""
"Milano",2014-06-02,20,16,25,10,54,10,8,19,0,1016,0,0,""
"Milano",2014-06-03,19,15,25,12,62,10,7,15,0,1013,0,0,"pioggia temporale "
"Milano",2014-06-04,19,15,23,13,70,9,8,17,0,1011,0,0,"pioggia temporale "
"Milano",2014-06-05,20,15,26,14,68,10,6,11,0,1013,0,0,""
"Milano",2014-06-06,23,16,28,12,53,10,6,11,0,1018,0,0,""
"Milano",2014-06-07,24,17,30,14,58,10,5,9,26,1018,0,0,""
"Milano",2014-06-08,26,18,33,16,55,10,5,9,0,1019,0,0,""
"Milano",2014-06-09,28,21,33,17,53,10,7,15,0,1019,0,0,""
"Milano",2014-06-10,28,22,34,16,51,10,6,13,0,0,0,0,""
"Milano",2014-06-11,28,20,35,16,49,10,6,13,0,1018,0,0,""
"Milano",2014-06-12,28,21,35,16,49,10,6,11,0,1018,0,0,""
"Milano",2014-06-13,27,20,32,16,52,10,11,30,44,1014,0,0,"pioggia temporale "
"Milano",2014-06-14,23,16,29,16,69,11,13,46,72,1010,0,0,"pioggia temporale "
"Milano",2014-06-15,20,17,24,15,77,10,8,22,32,1014,0,0,"pioggia "
"Milano",2014-06-16,21,17,25,12,57,10,10,17,0,1014,0,0,"pioggia "
"Milano",2014-06-17,19,16,23,14,76,10,7,15,0,1015,0,0,"pioggia "
"Milano",2014-06-18,20,16,26,13,63,10,7,22,0,1016,0,0,"pioggia "
"Milano",2014-06-19,22,15,27,13,58,10,7,15,0,1015,0,0,"pioggia "
"Milano",2014-06-20,24,17,29,13,52,10,11,19,0,1011,0,0,""
"Milano",2014-06-21,23,18,27,16,64,10,8,17,0,1014,0,0,""
"Milano",2014-06-22,24,19,29,17,65,9,7,15,0,1017,0,0,""
"Milano",2014-06-23,25,21,28,17,62,10,7,11,0,1018,0,0,"pioggia temporale "
"Milano",2014-06-24,23,18,29,19,78,10,7,19,0,1012,0,0,"pioggia temporale "
"Milano",2014-06-25,20,16,24,18,89,8,8,22,0,1008,0,0,"pioggia temporale "
"Milano",2014-06-26,20,18,23,17,84,9,7,24,0,1011,0,0,"pioggia temporale "
"Milano",2014-06-27,22,16,27,17,76,9,7,13,0,1015,0,0,"pioggia temporale nebbia "
"Milano",2014-06-28,22,19,26,18,77,10,7,13,0,1016,0,0,"pioggia temporale "
"Milano",2014-06-29,20,17,23,18,85,10,10,28,0,1010,0,0,"pioggia "
"Milano",2014-06-30,21,13,29,11,58,15,8,20,41,1010,0,0,"nebbia "
"Milano",2014-07-01,22,18,26,14,60,13,11,22,0,1016,0,0,""
"Milano",2014-07-03,22,15,27,15,64,33,9,19,0,1023,0,0,""
"Milano",2014-07-04,20,17,24,15,73,9,8,22,0,1020,0,0,"pioggia temporale "
"Milano",2014-07-05,21,16,27,17,79,6,8,13,0,1013,0,0,""
"Milano",2014-07-06,25,18,29,18,66,10,5,15,0,1014,0,0,"temporale "
"Milano",2014-07-07,24,21,29,18,68,10,7,28,44,1014,0,0,"pioggia temporale "
"Milano",2014-07-08,20,17,23,16,81,12,10,22,35,1008,0,0,"pioggia temporale "
"Milano",2014-07-09,20,14,27,12,60,18,8,22,32,1006,0,0,"temporale "
"Milano",2014-07-10,20,15,25,13,65,10,8,17,0,1006,0,0,""
"Milano",2014-07-11,22,15,27,16,68,10,8,15,0,1007,0,0,""
"Milano",2014-07-12,21,18,27,17,79,10,6,19,0,1010,0,0,"pioggia temporale "
"Milano",2014-07-13,21,16,26,17,79,9,6,15,0,1012,0,0,""
"Milano",2014-07-14,22,18,27,17,75,10,8,13,0,1013,0,0,"pioggia temporale "
"Milano",2014-07-15,24,18,29,17,68,9,6,13,0,1017,0,0,""
"Milano",2014-07-16,26,20,31,17,60,10,5,11,0,1018,0,0,""
"Milano",2014-07-17,26,21,32,18,63,10,7,13,0,1018,0,0,""
"Milano",2014-07-18,26,20,32,19,63,10,8,19,0,1017,0,0,""
"Milano",2014-07-19,28,23,32,19,61,10,6,11,0,1016,0,0,""
"Milano",2014-07-20,26,24,29,20,68,10,7,13,0,1013,0,0,"pioggia "
"Milano",2014-07-21,21,19,24,18,82,10,7,19,0,1009,0,0,"pioggia temporale "
"Milano",2014-07-22,23,18,28,18,77,9,5,11,0,1009,0,0,"pioggia "
"Milano",2014-07-23,24,19,29,18,69,10,9,17,0,1011,0,0,"pioggia temporale "
"Milano",2014-07-24,20,19,23,18,90,8,7,13,0,1012,0,0,"pioggia "
"Milano",2014-07-25,23,18,27,18,75,10,5,13,0,1013,0,0,"pioggia nebbia "
"Milano",2014-07-26,19,17,23,18,91,10,10,20,0,1012,0,0,"pioggia temporale "
"Milano",2014-07-27,22,18,28,18,77,11,5,11,0,1012,0,0,""
"Milano",2014-07-28,23,19,29,19,79,10,7,22,0,1010,0,0,"pioggia temporale "
"Milano",2014-07-29,20,16,25,18,89,9,11,24,0,1007,0,0,"pioggia temporale "
"Milano",2014-07-30,19,16,23,17,86,10,5,9,0,1006,0,0,"pioggia "
"Milano",2014-07-31,23,17,29,19,78,12,7,11,0,1009,0,0,"nebbia "
"Milano",2014-08-01,25,20,29,20,75,9,5,9,0,1010,0,0,"nebbia "
"Milano",2014-08-02,24,21,27,19,75,12,7,20,0,1010,0,0,"pioggia temporale "
"Milano",2014-08-03,22,18,26,17,78,12,7,22,0,1012,0,0,"pioggia temporale "
"Milano",2014-08-04,23,16,29,18,73,10,6,15,0,1014,0,0,"pioggia temporale "
"Milano",2014-08-05,24,18,29,18,71,10,7,15,0,1014,0,0,""
"Milano",2014-08-06,24,19,29,18,68,10,6,13,0,1014,0,0,""
"Milano",2014-08-07,25,20,29,18,65,10,6,11,0,1013,0,0,""
"Milano",2014-08-08,25,21,29,18,64,10,6,17,0,1031,0,0,"temporale "
"Milano",2014-08-09,24,21,29,21,82,9,6,9,0,1014,0,0,"pioggia temporale "
"Milano",2014-08-10,25,22,29,20,72,10,6,11,0,1015,0,0,"temporale "
"Milano",2014-08-11,25,21,30,20,70,10,6,13,0,1012,0,0,""
"Milano",2014-08-12,25,21,30,19,69,10,7,20,0,1011,0,0,""
"Milano",2014-08-13,21,20,23,19,87,9,8,17,0,1007,0,0,"pioggia "
"Milano",2014-08-14,23,18,27,15,65,14,8,20,0,1008,0,0,""
"Milano",2014-08-15,20,17,25,15,70,12,10,19,0,1012,0,0,""
"Milano",2014-08-16,20,16,23,14,70,15,8,15,0,1016,0,0,"pioggia temporale "
"Milano",2014-08-17,20,13,26,13,67,14,6,11,0,1017,0,0,""
"Milano",2014-08-18,22,17,26,15,64,10,7,15,0,1013,0,0,""
"Milano",2014-08-19,19,17,20,18,93,8,9,15,0,1012,0,0,"pioggia temporale "
"Milano",2014-08-20,20,18,24,18,90,9,7,15,0,1013,0,0,"pioggia temporale "
"Milano",2014-08-21,20,15,25,16,80,11,6,13,0,1013,0,0,"nebbia "
"Milano",2014-08-22,21,19,25,17,76,10,7,13,0,1014,0,0,""
"Milano",2014-08-23,20,16,24,17,82,9,8,17,0,1013,0,0,"pioggia "
"Milano",2014-08-24,20,14,27,15,74,16,4,9,0,1014,0,0,"nebbia "
"Milano",2014-08-25,20,17,22,15,73,10,10,17,0,1017,0,0,"pioggia "
"Milano",2014-08-26,19,18,21,17,85,9,6,11,0,1012,0,0,"pioggia "
"Milano",2014-08-27,23,18,28,18,76,11,8,15,0,1010,0,0,""
"Milano",2014-08-28,22,19,25,18,79,9,10,19,0,1016,0,0,""
"Milano",2014-08-29,22,18,27,17,74,10,5,9,0,1017,0,0,""
"Milano",2014-08-30,24,21,28,18,72,9,4,7,0,1016,0,0,""
"Milano",2014-08-31,23,19,27,17,70,10,6,11,32,1012,0,0,"pioggia temporale "
"Milano",2014-09-01,21,15,27,11,62,15,12,32,44,1008,0,0,"nebbia "
"Milano",2014-09-02,20,13,26,10,53,48,7,13,0,1011,0,0,""
"Milano",2014-09-03,19,16,22,14,73,10,7,11,0,1014,0,0,"pioggia "
"Milano",2014-09-04,21,18,24,16,76,10,5,13,0,1014,0,0,""
"Milano",2014-09-05,22,18,26,18,78,9,5,11,0,1014,0,0,"temporale "
"Milano",2014-09-06,22,17,28,17,75,10,5,9,0,1012,0,0,"nebbia "
"Milano",2014-09-07,23,19,28,17,71,10,7,11,0,1013,0,0,""
"Milano",2014-09-08,24,19,29,17,68,10,6,9,0,1016,0,0,""
"Milano",2014-09-09,23,20,28,18,74,9,5,17,39,1015,0,0,"pioggia temporale "
"Milano",2014-09-10,21,18,25,18,83,9,7,13,0,1012,0,0,"pioggia temporale nebbia "
"Milano",2014-09-11,20,16,25,15,72,10,9,20,0,1010,0,0,"pioggia "
"Milano",2014-09-12,19,15,24,13,67,13,9,17,0,1011,0,0,"pioggia "
"Milano",2014-09-13,19,13,25,13,66,29,6,13,0,1014,0,0,""
"Milano",2014-09-14,20,14,25,14,70,10,5,9,0,1015,0,0,""
"Milano",2014-09-15,21,15,25,15,69,10,6,11,0,1015,0,0,""
"Milano",2014-09-16,20,16,25,16,74,9,7,9,0,1016,0,0,""
"Milano",2014-09-17,20,17,24,15,71,10,8,15,0,1016,0,0,""
"Milano",2014-09-18,19,17,22,15,75,10,8,13,0,1017,0,0,""
"Milano",2014-09-19,19,18,20,16,85,7,6,13,0,1019,0,0,"pioggia "
"Milano",2014-09-20,20,18,24,18,90,5,5,9,0,1017,0,0,"pioggia "
"Milano",2014-09-21,21,15,26,17,81,7,6,17,0,1014,0,0,"nebbia "
"Milano",2014-09-22,22,15,29,12,50,34,11,48,50,1010,0,0,""
"Milano",2014-09-23,18,13,23,9,53,13,10,26,0,1016,0,0,""
"Milano",2014-09-24,16,12,21,8,59,10,7,11,0,1017,0,0,""
"Milano",2014-09-25,18,12,24,10,63,10,6,13,0,1016,0,0,""
"Milano",2014-09-26,17,12,23,12,74,8,6,11,0,1022,0,0,""
"Milano",2014-09-27,18,12,25,14,76,6,5,11,0,1025,0,0,"nebbia "
"Milano",2014-09-28,19,15,24,14,74,5,5,9,0,1028,0,0,"nebbia "
"Milano",2014-09-29,19,13,25,14,78,7,4,9,0,1028,0,0,"nebbia "
"Milano",2014-09-30,19,14,24,15,79,7,4,7,0,1026,0,0,"pioggia nebbia "
"Milano",2014-10-01,19,17,23,17,88,5,6,13,0,1024,0,0,"pioggia "
"Milano",2014-10-02,19,14,25,15,82,3,5,7,0,1024,0,0,"pioggia nebbia "
"Milano",2014-10-03,19,14,24,14,73,8,5,11,0,1023,0,0,"nebbia "
"Milano",2014-10-04,18,14,22,13,71,10,6,9,0,1019,0,0,""
"Milano",2014-10-05,17,13,22,12,70,9,6,11,0,1017,0,0,""
"Milano",2014-10-06,17,14,22,12,70,9,7,13,0,1016,0,0,"pioggia "
"Milano",2014-10-07,14,12,16,14,95,4,7,15,0,1017,0,0,"pioggia nebbia "
"Milano",2014-10-08,16,15,17,16,98,4,5,9,0,1019,0,0,"pioggia "
"Milano",2014-10-09,18,16,19,17,95,3,4,7,0,1018,0,0,"pioggia "
"Milano",2014-10-10,19,17,21,18,95,3,4,11,0,1018,0,0,"pioggia "
"Milano",2014-10-11,19,18,22,18,93,5,9,19,0,1016,0,0,"pioggia "
"Milano",2014-10-12,19,17,21,18,94,7,6,13,0,1016,0,0,"pioggia "
"Milano",2014-10-13,18,16,19,18,99,6,13,22,41,1012,0,0,"pioggia temporale "
"Milano",2014-10-14,16,15,18,16,97,6,6,11,0,1012,0,0,"pioggia nebbia "
"Milano",2014-10-15,18,15,21,16,87,7,5,11,0,1010,0,0,"nebbia "
"Milano",2014-10-16,19,16,23,16,84,10,5,11,0,1012,0,0,"pioggia "
"Milano",2014-10-17,20,17,25,16,79,10,6,15,0,0,0,0,""
"Milano",2014-10-18,19,16,24,17,85,8,5,9,0,1023,0,0,"nebbia "
"Milano",2014-10-19,19,16,23,18,90,5,5,13,0,1025,0,0,"nebbia "
"Milano",2014-10-20,18,14,23,16,90,4,4,9,0,1021,0,0,"nebbia "
"Milano",2014-10-21,20,17,23,17,83,9,5,11,0,1011,0,0,""
"Milano",2014-10-22,15,12,20,10,28,11,20,35,67,1011,0,0,""
"Milano",2014-10-23,16,8,22,3,31,47,16,26,48,1011,0,0,""
"Milano",2014-10-24,13,7,21,5,59,10,4,7,0,1014,0,0,""
"Milano",2014-10-25,14,10,17,10,76,10,8,15,0,1020,0,0,""
"Milano",2014-10-26,13,10,17,8,73,10,5,9,0,1025,0,0,""
"Milano",2014-10-27,11,8,13,7,77,10,7,15,0,1027,0,0,"nebbia "
"Milano",2014-10-28,10,5,16,6,80,8,4,9,0,1023,0,0,"nebbia "
"Milano",2014-10-29,9,5,15,6,81,6,4,7,0,1020,0,0,"nebbia "
"Milano",2014-10-30,10,6,16,7,81,4,6,11,0,1024,0,0,"nebbia "
"Milano",2014-10-31,10,4,16,7,86,3,4,9,0,1026,0,0,"nebbia "
"Milano",2014-11-01,10,5,18,8,87,3,6,9,0,1025,0,0,"nebbia "
"Milano",2014-11-02,11,5,20,8,84,4,5,7,0,1021,0,0,"nebbia "
"Milano",2014-11-03,13,9,15,10,86,6,7,13,0,1017,0,0,"pioggia "
"Milano",2014-11-04,14,12,17,12,86,7,18,33,46,1006,0,0,"pioggia temporale "
"Milano",2014-11-05,15,14,15,14,98,8,17,28,41,1000,0,0,"pioggia "
"Milano",2014-11-06,13,9,14,12,96,11,6,15,0,1008,0,0,"pioggia nebbia "
"Milano",2014-11-07,12,9,16,10,92,10,6,11,0,1010,0,0,"pioggia nebbia "
"Milano",2014-11-08,13,10,17,12,89,9,5,9,0,1012,0,0,"pioggia "
"Milano",2014-11-09,14,13,16,13,95,6,7,13,0,1013,0,0,"pioggia "
"Milano",2014-11-10,13,11,14,13,100,5,9,19,0,1014,0,0,"pioggia "
"Milano",2014-11-11,13,12,15,13,99,9,11,19,0,1013,0,0,"pioggia "
"Milano",2014-11-12,14,13,15,14,100,6,9,20,0,1005,0,0,"pioggia temporale "
"Milano",2014-11-13,13,11,16,12,94,11,6,11,0,1009,0,0,"pioggia nebbia "
"Milano",2014-11-14,13,11,16,12,96,8,4,7,0,1014,0,0,"pioggia nebbia "
"Milano",2014-11-15,13,11,14,13,100,4,17,30,46,1005,0,0,"pioggia temporale "
"Milano",2014-11-16,12,7,16,10,89,10,4,9,0,1004,0,0,"nebbia "
"Milano",2014-11-17,9,8,10,9,100,5,11,24,0,1006,0,0,"pioggia nebbia "
"Milano",2014-11-18,10,7,14,8,86,17,6,13,0,1006,0,0,"pioggia nebbia "
"Milano",2014-11-19,9,5,13,7,92,14,6,17,0,1017,0,0,"nebbia "
"Milano",2014-11-20,8,3,13,6,92,4,3,6,0,1024,0,0,"nebbia "
"Milano",2014-11-21,8,4,11,6,92,7,4,7,0,1024,0,0,"nebbia "
"Milano",2014-11-22,9,6,12,8,93,5,4,7,0,1025,0,0,"nebbia "
"Milano",2014-11-23,9,7,11,8,95,5,4,9,0,1027,0,0,"nebbia "
"Milano",2014-11-24,10,7,14,9,92,5,5,11,0,1024,0,0,"nebbia "
"Milano",2014-11-25,11,9,13,10,96,4,6,15,0,1021,0,0,"pioggia "
"Milano",2014-11-26,8,7,9,8,99,4,9,15,0,1018,0,0,"pioggia "
"Milano",2014-11-27,7,7,8,7,99,4,6,11,0,1015,0,0,"pioggia "
"Milano",2014-11-28,9,8,10,9,100,3,5,11,0,1015,0,0,"pioggia "
"Milano",2014-11-29,12,10,14,12,100,5,4,7,0,1015,0,0,"pioggia "
"Milano",2014-11-30,12,12,13,12,100,6,5,9,0,1012,0,0,"pioggia "
"Milano",2014-12-01,13,12,16,12,96,9,9,17,0,1002,0,0,"pioggia "
"Milano",2014-12-02,11,11,12,11,99,7,6,9,0,1005,0,0,"pioggia "
"Milano",2014-12-03,10,10,11,8,84,10,6,9,0,1011,0,0,"pioggia "
"Milano",2014-12-04,10,8,11,9,94,10,6,13,0,1015,0,0,"pioggia "
"Milano",2014-12-05,10,9,11,10,99,6,4,9,0,1015,0,0,"pioggia "
"Milano",2014-12-06,11,9,13,10,95,8,4,6,0,1014,0,0,"pioggia "
"Milano",2014-12-07,9,6,10,8,94,10,7,13,0,1016,0,0,"pioggia nebbia "
"Milano",2014-12-08,6,5,7,6,100,2,6,11,0,1015,0,0,"nebbia "
"Milano",2014-12-09,8,5,11,5,81,13,10,26,0,1018,0,0,"pioggia "
"Milano",2014-12-10,4,-1,8,2,86,15,5,9,0,1022,0,0,"nebbia "
"Milano",2014-12-11,5,1,9,2,86,9,5,7,0,1018,0,0,"nebbia "
"Milano",2014-12-12,4,-1,7,3,91,7,4,11,0,1020,0,0,"nebbia "
"Milano",2014-12-13,6,5,6,5,94,4,5,9,0,1021,0,0,"pioggia "
"Milano",2014-12-14,7,6,8,6,94,3,6,9,0,1023,0,0,"pioggia "
"Milano",2014-12-15,8,6,9,8,100,2,4,7,0,1021,0,0,"pioggia nebbia "
"Milano",2014-12-16,9,8,10,9,100,5,5,9,0,1013,0,0,"pioggia "
"Milano",2014-12-17,6,4,9,6,100,3,5,11,0,1012,0,0,"nebbia "
"Milano",2014-12-18,6,3,10,6,97,4,5,13,0,1019,0,0,"nebbia "
"Milano",2014-12-19,6,2,11,5,94,3,4,7,0,1023,0,0,"nebbia "
"Milano",2014-12-20,5,4,6,5,100,0,5,9,0,1023,0,0,"nebbia "
"Milano",2014-12-21,3,2,6,3,100,2,7,11,0,1028,0,0,"nebbia "
"Milano",2014-12-22,3,1,4,3,99,2,6,9,0,1030,0,0,"nebbia "
"Milano",2014-12-23,3,2,4,3,100,1,5,9,0,1028,0,0,"nebbia "
"Milano",2014-12-24,4,2,6,4,98,4,5,11,0,1027,0,0,"nebbia "
"Milano",2014-12-25,6,4,10,5,92,5,6,11,0,1022,0,0,"nebbia "
"Milano",2014-12-26,5,-1,12,4,69,8,7,13,0,1022,0,0,"nebbia "
"Milano",2014-12-27,1,-1,2,1,95,5,7,17,0,1011,0,0,"pioggia neve nebbia "
"Milano",2014-12-28,0,-2,2,1,98,6,9,15,0,1004,0,0,""
"Milano",2014-12-29,1,-4,6,0,75,8,8,17,0,1023,0,0,"nebbia "
"Milano",2014-12-30,1,-2,6,0,61,10,7,13,0,1028,0,0,""
"Milano",2014-12-31,-1,-3,1,0,83,10,7,11,0,1031,0,0,""
"Milano",2015-01-01,0,-3,5,0,86,7,6,13,0,1035,0,0,""
"Milano",2015-01-02,3,-2,7,1,83,6,6,9,0,1031,0,0,""
"Milano",2015-01-03,3,-1,8,2,91,7,4,9,0,1024,0,0,""
"Milano",2015-01-04,9,1,16,3,57,10,14,41,59,1022,0,0,""
"Milano",2015-01-05,6,1,12,0,49,34,6,17,0,1028,0,0,""
"Milano",2015-01-06,3,-1,8,1,75,12,7,15,0,1024,0,0,""
"Milano",2015-01-07,5,0,8,2,86,6,5,9,0,1030,0,0,""
"Milano",2015-01-08,6,4,11,3,81,5,7,13,0,1032,0,0,""
"Milano",2015-01-09,4,0,10,3,87,7,5,11,0,1030,0,0,""
"Milano",2015-01-10,10,4,17,6,74,13,10,22,37,1019,0,0,""
"Milano",2015-01-11,7,-1,16,4,65,4,15,56,67,1017,0,0,"nebbia "
"Milano",2015-01-12,8,2,15,2,50,45,7,19,0,1027,0,0,""
"Milano",2015-01-13,5,1,7,2,77,10,4,7,0,1027,0,0,""
"Milano",2015-01-14,6,4,8,4,85,7,6,11,0,1021,0,0,"pioggia "
"Milano",2015-01-15,4,-1,6,4,97,4,5,13,0,1020,0,0,"pioggia nebbia "
"Milano",2015-01-16,6,5,8,6,98,2,6,13,0,1016,0,0,"pioggia "
"Milano",2015-01-17,8,3,13,7,93,5,7,17,0,1011,0,0,"pioggia temporale "
"Milano",2015-01-18,5,1,9,4,92,10,5,9,0,1016,0,0,"nebbia "
"Milano",2015-01-19,3,-1,6,3,94,6,5,9,0,1014,0,0,"nebbia "
"Milano",2015-01-20,5,2,9,3,91,8,5,11,0,1012,0,0,"nebbia "
"Milano",2015-01-21,4,2,5,4,99,5,7,19,0,1011,0,0,"pioggia nebbia "
"Milano",2015-01-22,4,2,5,3,98,3,8,13,0,1012,0,0,"pioggia nebbia "
"Milano",2015-01-23,5,1,11,4,93,7,8,15,0,1010,0,0,"nebbia "
"Milano",2015-01-24,4,-1,11,3,88,4,6,11,0,1011,0,0,"nebbia "
"Milano",2015-01-25,5,-2,12,1,62,12,7,17,0,1017,0,0,"nebbia "
"Milano",2015-01-26,5,1,9,1,63,11,6,13,0,1023,0,0,""
"Milano",2015-01-27,2,-1,6,1,89,8,4,9,0,1017,0,0,"nebbia "
"Milano",2015-01-28,2,-2,8,0,76,10,7,13,0,1016,0,0,""
"Milano",2015-01-29,2,0,5,1,81,9,6,11,0,1000,0,0,"pioggia neve "
"Milano",2015-01-30,3,0,9,1,79,6,11,26,0,980,0,0,"pioggia neve "
"Milano",2015-01-31,2,-3,6,1,78,23,7,15,0,986,0,0,""
"Milano",2015-02-01,3,-2,8,0,74,10,8,19,0,991,0,0,""
"Milano",2015-02-02,3,-4,10,0,66,14,7,17,0,1000,0,0,""
"Milano",2015-02-03,3,0,5,0,76,9,7,11,0,1002,0,0,"neve "
"Milano",2015-02-04,5,3,8,1,67,10,6,11,0,1003,0,0,"pioggia "
"Milano",2015-02-05,2,0,6,2,92,5,6,13,0,1004,0,0,"pioggia neve "
"Milano",2015-02-06,2,0,3,2,100,5,4,7,0,1008,0,0,"pioggia neve "
"Milano",2015-02-07,2,0,5,2,94,8,6,11,0,1020,0,0,"pioggia neve "
"Milano",2015-02-08,1,-2,4,1,97,5,7,15,0,1014,0,0,"nebbia "
"Milano",2015-02-09,3,-3,8,0,77,8,7,15,0,1021,0,0,"nebbia "
"Milano",2015-02-10,3,-2,11,2,81,6,5,9,0,1023,0,0,""
"Milano",2015-02-11,4,-1,11,3,83,4,6,11,0,1025,0,0,"nebbia "
"Milano",2015-02-12,3,-2,8,3,89,3,7,11,0,1025,0,0,"nebbia "
"Milano",2015-02-13,5,3,8,4,91,2,5,9,0,1024,0,0,""
"Milano",2015-02-14,4,4,5,4,100,2,7,13,0,1017,0,0,"pioggia "
"Milano",2015-02-15,4,2,6,4,100,4,6,15,0,1014,0,0,"pioggia "
"Milano",2015-02-16,7,3,11,6,90,10,7,11,0,1020,0,0,""
"Milano",2015-02-17,9,5,13,4,74,10,6,11,0,1028,0,0,""
"Milano",2015-02-18,6,3,10,2,76,8,6,13,0,1036,0,0,""
"Milano",2015-02-19,5,0,11,3,84,6,5,11,0,1032,0,0,"nebbia "
"Milano",2015-02-20,6,-1,12,3,82,6,5,11,0,1024,0,0,"nebbia "
"Milano",2015-02-21,6,5,7,5,95,4,10,19,0,1009,0,0,"pioggia "
"Milano",2015-02-22,7,4,11,5,93,11,10,20,0,1002,0,0,"pioggia nebbia "
"Milano",2015-02-23,6,-1,11,4,87,6,5,11,0,1005,0,0,"nebbia "
"Milano",2015-02-24,7,3,11,4,81,9,8,24,44,1004,0,0,"pioggia "
"Milano",2015-02-25,9,4,12,3,57,12,8,17,0,1011,0,0,""
"Milano",2015-02-26,7,4,11,2,70,12,7,17,0,1017,0,0,""
"Milano",2015-02-27,8,6,12,3,71,9,6,9,0,1013,0,0,""
"Milano",2015-02-28,8,4,12,4,76,9,5,11,0,1016,0,0,""
"Milano",2015-03-01,8,2,14,4,77,8,7,17,0,1016,0,0,"nebbia "
"Milano",2015-03-02,9,7,13,8,89,7,8,15,0,1012,0,0,"pioggia "
"Milano",2015-03-03,10,2,15,4,69,18,10,19,0,1020,0,0,""
"Milano",2015-03-04,8,2,11,6,89,5,7,28,0,1020,0,0,"pioggia nebbia "
"Milano",2015-03-05,9,3,14,4,51,17,17,39,54,1022,0,0,"nebbia "
"Milano",2015-03-06,7,-1,13,0,47,52,7,13,0,1029,0,0,""
"Milano",2015-03-07,7,3,12,0,51,35,8,15,0,1032,0,0,""
"Milano",2015-03-08,7,1,13,1,62,10,6,15,0,1027,0,0,""
"Milano",2015-03-09,7,3,11,1,64,10,7,17,0,1026,0,0,""
"Milano",2015-03-10,9,2,16,2,65,8,6,13,0,1024,0,0,""
"Milano",2015-03-11,12,5,19,4,62,7,8,17,0,1019,0,0,""
"Milano",2015-03-12,10,4,15,2,52,8,7,17,0,1021,0,0,""
"Milano",2015-03-13,10,2,16,2,52,10,7,15,0,1018,0,0,""
"Milano",2015-03-14,9,7,13,1,53,10,8,15,0,1020,0,0,""
"Milano",2015-03-15,10,7,13,2,59,10,17,30,46,1024,0,0,"pioggia "
"Milano",2015-03-16,8,7,9,6,88,7,9,26,0,1026,0,0,"pioggia "
"Milano",2015-03-17,10,8,14,8,88,8,5,9,0,1027,0,0,"pioggia "
"Milano",2015-03-18,10,4,15,7,83,7,6,11,0,1024,0,0,"nebbia "
"Milano",2015-03-19,11,5,16,6,74,7,6,13,0,1022,0,0,"nebbia "
"Milano",2015-03-20,12,7,15,4,61,9,6,11,0,1023,0,0,""
"Milano",2015-03-21,11,9,14,5,66,10,7,15,0,1018,0,0,"pioggia "
"Milano",2015-03-22,9,6,11,8,91,7,9,17,0,1016,0,0,"pioggia "
"Milano",2015-03-23,10,3,17,6,75,7,6,13,0,1016,0,0,"nebbia "
"Milano",2015-03-24,12,10,14,8,74,7,8,19,0,1012,0,0,"pioggia "
"Milano",2015-03-25,10,9,13,9,93,8,9,15,0,1004,0,0,"pioggia "
"Milano",2015-03-26,12,9,16,11,92,7,7,11,0,1005,0,0,"pioggia "
"Milano",2015-03-27,14,6,20,8,48,18,16,35,61,1009,0,0,"nebbia "
"Milano",2015-03-28,13,4,20,4,53,20,7,15,0,1015,0,0,""
"Milano",2015-03-29,13,6,17,4,54,10,6,11,0,1011,0,0,""
"Milano",2015-03-30,15,8,23,6,57,16,11,26,43,1005,0,0,""
"Milano",2015-03-31,17,10,24,6,46,22,13,37,65,1007,0,0,""
"Milano",2015-04-01,15,13,18,0,18,60,22,37,59,1013,0,0,""
"Milano",2015-04-02,14,5,19,0,30,29,11,20,0,1014,0,0,""
"Milano",2015-04-03,13,8,16,3,50,15,13,26,43,1016,0,0,""
"Milano",2015-04-04,10,8,13,3,59,10,11,17,33,1011,0,0,"pioggia "
"Milano",2015-04-05,9,6,11,5,79,10,10,26,0,1012,0,0,"pioggia "
"Milano",2015-04-06,9,3,15,3,56,17,10,33,52,1020,0,0,"pioggia nebbia "
"Milano",2015-04-07,11,6,15,0,29,48,11,19,32,1028,0,0,""
"Milano",2015-04-08,12,3,21,1,40,33,7,15,0,1027,0,0,""
"Milano",2015-04-09,14,7,20,2,40,16,7,11,0,1028,0,0,""
"Milano",2015-04-10,15,8,22,4,47,10,6,11,0,1026,0,0,""
"Milano",2015-04-11,15,8,21,7,59,10,10,17,37,1025,0,0,""
"Milano",2015-04-12,16,8,22,7,57,10,5,9,0,1028,0,0,""
"Milano",2015-04-13,19,10,26,8,55,9,9,17,33,1026,0,0,"nebbia "
"Milano",2015-04-14,19,13,25,6,42,11,8,13,0,1024,0,0,""
"Milano",2015-04-15,18,11,26,7,47,10,6,9,0,1022,0,0,""
"Milano",2015-04-16,17,11,22,7,51,10,7,15,0,1018,0,0,""
"Milano",2015-04-17,14,12,16,11,83,9,6,11,0,1015,0,0,"pioggia "
"Milano",2015-04-18,14,9,21,11,85,8,11,39,57,1013,0,0,"pioggia temporale nebbia "
"Milano",2015-04-19,11,8,15,5,64,10,10,26,0,1021,0,0,""
"Milano",2015-04-20,13,5,21,5,61,10,7,11,0,1020,0,0,"nebbia "
"Milano",2015-04-21,17,8,24,6,52,10,6,13,0,1022,0,0,""
"Milano",2015-04-22,18,10,27,7,51,10,9,20,0,1020,0,0,""
"Milano",2015-04-23,18,15,23,6,47,10,12,24,0,1014,0,0,""
"Milano",2015-04-24,18,14,22,8,52,10,9,13,30,1015,0,0,""
"Milano",2015-04-25,15,13,18,11,74,10,9,19,0,1016,0,0,""
"Milano",2015-04-26,16,14,19,13,80,8,5,7,0,1013,0,0,"pioggia "
"Milano",2015-04-27,14,13,15,14,99,6,14,26,0,1005,0,0,"pioggia "
"Milano",2015-04-28,17,13,23,11,70,13,12,22,0,1005,0,0,"pioggia "
"Milano",2015-04-29,15,12,19,10,69,10,10,20,0,1016,0,0,"pioggia "
"Milano",2015-04-30,16,12,20,11,77,10,7,15,0,1016,0,0,"pioggia temporale "
"Milano",2015-05-01,14,13,15,12,87,8,6,11,0,1011,0,0,"pioggia "
"Milano",2015-05-02,18,12,24,14,80,8,7,17,0,1009,0,0,"pioggia nebbia "
"Milano",2015-05-03,18,16,19,15,83,9,5,9,0,1013,0,0,"pioggia "
"Milano",2015-05-04,19,17,23,15,76,10,5,13,0,1014,0,0,"pioggia "
"Milano",2015-05-05,20,16,24,16,81,8,6,11,0,1014,0,0,""
"Milano",2015-05-06,21,17,25,16,76,8,7,13,0,1012,0,0,"pioggia "
"Milano",2015-05-07,20,14,25,15,72,10,7,15,0,1015,0,0,"nebbia "
"Milano",2015-05-08,20,16,26,14,72,10,8,19,0,1015,0,0,"pioggia temporale "
"Milano",2015-05-09,20,13,28,12,64,18,7,15,0,1016,0,0,""
"Milano",2015-05-10,22,13,28,9,46,48,7,17,0,1022,0,0,""
"Milano",2015-05-11,21,13,28,11,54,11,7,19,0,1023,0,0,""
"Milano",2015-05-12,22,15,28,12,55,10,6,15,0,1023,0,0,""
"Milano",2015-05-13,23,18,28,13,53,10,7,17,0,1018,0,0,""
"Milano",2015-05-14,23,17,29,14,58,10,9,17,0,1008,0,0,""
"Milano",2015-05-15,19,13,23,14,73,10,21,48,78,1005,0,0,"pioggia temporale "
"Milano",2015-05-16,19,13,26,15,76,15,8,15,0,1017,0,0,"pioggia "
"Milano",2015-05-17,22,16,27,16,72,10,6,11,0,1018,0,0,"pioggia "
"Milano",2015-05-18,22,18,27,15,62,10,9,19,0,1013,0,0,""
"Milano",2015-05-19,21,18,26,14,64,10,7,13,33,1007,0,0,"pioggia temporale "
"Milano",2015-05-20,17,14,20,13,81,10,11,22,52,1007,0,0,"pioggia temporale "
"Milano",2015-05-21,14,10,20,8,70,10,9,24,0,1014,0,0,"pioggia temporale "
"Milano",2015-05-22,15,12,20,10,73,10,9,19,0,1015,0,0,""
"Milano",2015-05-23,16,13,21,11,76,10,9,26,0,1012,0,0,"pioggia "
"Milano",2015-05-24,18,10,23,11,66,11,7,13,0,1014,0,0,"pioggia nebbia "
"Milano",2015-05-25,20,13,26,11,60,10,8,24,0,1011,0,0,"pioggia temporale "
"Milano",2015-05-26,18,15,23,13,72,10,8,22,0,1010,0,0,"pioggia temporale "
"Milano",2015-05-27,18,12,24,12,67,12,8,17,0,1015,0,0,""
"Milano",2015-05-28,19,14,25,10,58,11,9,19,0,1017,0,0,""
"Milano",2015-05-29,20,15,25,11,55,10,7,11,0,1015,0,0,""
"Milano",2015-05-30,21,16,26,14,62,10,10,15,0,1014,0,0,""
"Milano",2015-05-31,21,17,25,14,64,10,6,13,0,1016,0,0,""
"Milano",2015-06-01,22,18,27,15,66,9,6,11,0,1018,0,0,"temporale "
"Milano",2015-06-02,24,17,29,13,53,10,6,9,0,1019,0,0,""
"Milano",2015-06-03,25,18,31,14,51,10,6,11,0,1020,0,0,""
"Milano",2015-06-04,27,19,32,17,55,9,5,11,0,1021,0,0,""
"Milano",2015-06-05,28,21,33,17,54,10,6,13,0,1020,0,0,""
"Milano",2015-06-06,28,23,33,18,53,10,8,13,0,1020,0,0,""
"Milano",2015-06-07,27,22,33,17,52,10,8,13,0,1020,0,0,"temporale "
"Milano",2015-06-08,25,21,31,16,58,10,9,26,0,1017,0,0,"pioggia temporale "
"Milano",2015-06-09,24,19,29,16,63,10,7,15,0,1015,0,0,""
"Milano",2015-06-10,23,19,28,17,70,9,8,17,0,1018,0,0,"pioggia temporale "
"Milano",2015-06-11,25,17,31,16,61,9,6,13,0,1017,0,0,""
"Milano",2015-06-12,24,19,28,16,62,9,7,15,0,1015,0,0,"pioggia "
"Milano",2015-06-13,23,19,26,19,79,8,7,19,37,1014,0,0,"pioggia "
"Milano",2015-06-14,20,17,23,18,91,9,8,24,0,1010,0,0,"pioggia temporale "
"Milano",2015-06-15,21,18,27,18,81,9,7,17,0,1012,0,0,"pioggia temporale "
"Milano",2015-06-16,20,17,25,17,87,10,8,22,41,1015,0,0,"pioggia temporale "
"Milano",2015-06-17,21,17,25,16,74,11,8,17,0,1015,0,0,"pioggia "
"Milano",2015-06-18,22,17,28,15,64,10,7,15,0,1015,0,0,""
"Milano",2015-06-19,23,19,29,15,60,9,7,15,0,1010,0,0,"temporale "
"Milano",2015-06-20,22,17,28,13,57,12,10,24,44,1013,0,0,""
"Milano",2015-06-21,21,17,26,12,58,12,7,11,0,1016,0,0,""
"Milano",2015-06-22,21,17,26,13,60,11,8,15,0,1015,0,0,"pioggia "
"Milano",2015-06-23,24,20,28,14,55,10,8,13,0,1007,0,0,"pioggia "
"Milano",2015-06-24,20,15,25,10,53,13,13,30,52,1018,0,0,""
"Milano",2015-06-25,22,17,27,11,50,28,8,11,0,1021,0,0,""
"Milano",2015-06-26,23,17,29,13,55,10,6,11,0,1019,0,0,""
"Milano",2015-06-27,25,19,30,15,54,10,6,11,0,1016,0,0,""
"Milano",2015-06-28,25,19,30,15,53,10,8,17,0,1016,0,0,""
"Milano",2015-06-29,25,21,29,15,52,10,9,17,0,1019,0,0,""
"Milano",2015-06-30,26,21,30,15,50,10,9,15,0,1020,0,0,""
"Milano",2015-07-01,27,21,32,16,51,10,7,13,0,1020,0,0,""
"Milano",2015-07-02,28,22,33,17,50,10,7,17,0,1021,0,0,"temporale "
"Milano",2015-07-03,29,22,34,17,50,10,9,22,0,1024,0,0,"pioggia "
"Milano",2015-07-04,28,22,34,18,54,10,7,17,0,1022,0,0,"pioggia "
"Milano",2015-07-05,30,24,34,20,58,10,6,20,0,1018,0,0,""
"Milano",2015-07-06,30,24,35,21,58,10,6,11,0,1017,0,0,""
"Milano",2015-07-07,31,26,35,21,57,10,8,13,0,1015,0,0,""
"Milano",2015-07-09,27,23,30,17,54,11,13,24,0,1011,0,0,""
"Milano",2015-07-10,25,21,30,13,46,11,9,15,0,1018,0,0,""
"Milano",2015-07-11,26,20,31,14,48,10,7,15,0,1017,0,0,""
"Milano",2015-07-12,28,22,33,17,53,10,6,11,0,1015,0,0,""
"Milano",2015-07-13,28,25,33,18,54,10,9,13,0,1012,0,0,""
"Milano",2015-07-14,28,24,34,18,55,10,8,15,0,1015,0,0,""
"Milano",2015-07-15,29,24,34,19,55,10,8,13,30,1016,0,0,""
"Milano",2015-07-16,30,25,34,20,55,10,9,17,0,1017,0,0,""
"Milano",2015-07-17,30,24,36,16,43,10,7,11,0,1017,0,0,""
"Milano",2015-07-18,30,23,36,18,49,10,7,15,0,1016,0,0,""
"Milano",2015-07-19,29,22,33,18,53,10,9,15,0,1013,0,0,""
"Milano",2015-07-20,30,25,35,19,53,10,8,13,0,1012,0,0,""
"Milano",2015-07-21,30,23,36,18,48,10,6,13,0,1013,0,0,""
"Milano",2015-07-22,31,24,37,19,50,10,7,17,0,1013,0,0,""
"Milano",2015-07-25,27,20,31,19,64,10,9,15,33,1008,0,0,"pioggia temporale "
"Milano",2015-07-26,27,22,30,14,46,10,11,20,0,1010,0,0,""
"Milano",2015-07-27,27,23,32,18,58,12,8,13,0,1005,0,0,""
"Milano",2015-07-28,27,22,32,18,60,10,9,15,0,1006,0,0,""
"Milano",2015-07-29,26,23,32,18,58,10,8,22,0,1006,0,0,""
"Milano",2015-07-30,25,21,29,18,64,10,11,17,0,1009,0,0,""
"Milano",2015-07-31,24,20,28,14,53,10,15,24,0,1013,0,0,"temporale "
"Milano",2015-08-01,20,18,22,15,73,9,8,15,0,1015,0,0,"pioggia "
"Milano",2015-08-02,23,17,29,17,70,10,6,13,0,1016,0,0,""
"Milano",2015-08-03,26,20,31,18,63,10,6,13,0,1017,0,0,""
"Milano",2015-08-04,27,21,32,19,62,10,6,13,0,1014,0,0,""
"Milano",2015-08-05,28,22,34,19,60,10,6,11,0,1015,0,0,""
"Milano",2015-08-06,30,23,35,19,53,10,6,13,26,1015,0,0,""
"Milano",2015-08-07,30,24,35,19,51,10,7,13,0,1015,0,0,""
"Milano",2015-08-08,30,25,36,18,49,10,8,20,0,1016,0,0,""
"Milano",2015-08-09,28,23,34,18,53,10,9,17,35,1015,0,0,"temporale "
"Milano",2015-08-10,22,19,27,19,83,9,10,17,0,1014,0,0,"pioggia temporale "
"Milano",2015-08-11,26,20,33,18,64,8,7,11,0,1014,0,0,""
"Milano",2015-08-12,28,22,34,18,54,10,7,15,0,1016,0,0,""
"Milano",2015-08-13,29,23,34,18,51,10,5,11,0,1014,0,0,""
"Milano",2015-08-14,25,22,28,18,62,10,6,17,0,1010,0,0,"pioggia "
"Milano",2015-08-15,22,18,26,18,75,10,6,13,33,1008,0,0,"pioggia temporale "
"Milano",2015-08-16,20,17,26,16,77,10,9,17,41,1009,0,0,"pioggia "
"Milano",2015-08-17,23,18,29,15,64,15,8,19,0,1008,0,0,"temporale "
"Milano",2015-08-18,22,18,27,17,73,10,7,20,0,1011,0,0,"pioggia temporale "
"Milano",2015-08-19,21,17,25,16,73,11,7,15,0,1014,0,0,""
"Milano",2015-08-20,23,17,28,15,64,20,6,13,0,1018,0,0,""
"Milano",2015-08-21,22,18,27,15,66,10,9,20,0,1021,0,0,"pioggia "
"Milano",2015-08-22,23,19,27,13,56,10,7,11,0,1018,0,0,""
"Milano",2015-08-23,20,18,22,14,68,10,10,17,0,1014,0,0,"pioggia "
"Milano",2015-08-24,19,17,23,18,90,7,8,15,0,1012,0,0,"pioggia "
"Milano",2015-08-25,22,19,27,18,80,7,6,13,0,1014,0,0,"nebbia "
"Milano",2015-08-26,23,17,29,17,71,10,5,11,0,1018,0,0,""
"Milano",2015-08-27,24,18,31,17,66,10,5,9,0,1017,0,0,""
"Milano",2015-08-28,25,19,31,17,64,10,6,13,0,1019,0,0,""
"Milano",2015-08-29,27,21,33,19,64,10,5,9,0,1021,0,0,""
"Milano",2015-08-30,27,20,33,18,61,10,5,13,0,1020,0,0,""
"Milano",2015-08-31,26,20,33,14,52,10,5,13,0,1017,0,0,""
"Milano",2015-09-01,25,19,30,15,54,10,6,13,0,1013,0,0,"pioggia temporale "
"Milano",2015-09-02,24,19,30,17,65,10,6,11,0,1011,0,0,"temporale "
"Milano",2015-09-03,23,18,28,15,62,10,6,13,0,1011,0,0,"pioggia "
"Milano",2015-09-04,22,18,26,15,63,10,6,11,0,1012,0,0,""
"Milano",2015-09-05,20,15,24,12,62,9,10,24,0,1011,0,0,"pioggia temporale "
"Milano",2015-09-06,18,12,25,9,55,10,6,11,0,1017,0,0,""
"Milano",2015-09-07,19,14,25,10,54,16,6,15,0,1019,0,0,""
"Milano",2015-09-08,20,17,24,11,55,11,8,15,0,1020,0,0,""
"Milano",2015-09-09,19,15,24,9,53,10,8,13,0,1017,0,0,""
"Milano",2015-09-10,19,16,23,8,48,10,8,15,0,1017,0,0,""
"Milano",2015-09-11,19,16,22,11,60,10,7,13,0,1019,0,0,"pioggia "
"Milano",2015-09-12,21,16,25,13,61,10,4,7,0,1021,0,0,""
"Milano",2015-09-13,19,17,20,16,81,8,8,19,0,1016,0,0,"pioggia "
"Milano",2015-09-14,20,17,25,17,85,7,10,20,37,1008,0,0,"pioggia "
"Milano",2015-09-15,21,18,26,15,66,10,6,15,0,1011,0,0,""
"Milano",2015-09-16,20,18,22,16,82,10,5,9,0,1010,0,0,"pioggia "
"Milano",2015-09-17,22,15,29,18,80,9,9,28,0,1008,0,0,"nebbia "
"Milano",2015-09-18,22,17,28,15,67,10,8,13,0,1013,0,0,""
"Milano",2015-09-19,20,14,26,13,62,12,7,15,0,1016,0,0,""
"Milano",2015-09-20,20,13,26,11,58,22,7,11,0,1015,0,0,""
"Milano",2015-09-21,19,13,25,12,64,20,5,11,0,1015,0,0,""
"Milano",2015-09-22,18,16,21,11,62,10,9,15,0,1010,0,0,""
"Milano",2015-09-23,14,11,19,11,80,9,16,39,59,1006,0,0,"pioggia temporale "
"Milano",2015-09-24,15,8,22,9,72,9,5,11,0,1013,0,0,"nebbia "
"Milano",2015-09-25,18,11,24,11,66,10,5,9,0,1014,0,0,"nebbia "
"Milano",2015-09-26,19,13,24,12,64,13,7,13,0,1017,0,0,""
"Milano",2015-09-27,18,16,21,13,71,10,10,17,0,1022,0,0,""
"Milano",2015-09-28,17,15,20,8,55,10,10,17,0,1026,0,0,""
"Milano",2015-09-29,16,11,19,6,54,10,6,15,0,1027,0,0,""
"Milano",2015-09-30,15,12,18,6,55,10,8,17,0,1027,0,0,""
"Milano",2015-10-01,14,9,16,6,59,12,5,11,0,1027,0,0,"pioggia "
"Milano",2015-10-02,14,13,16,10,75,9,6,17,0,1024,0,0,"pioggia "
"Milano",2015-10-03,15,13,17,13,89,6,6,11,0,1021,0,0,"pioggia "
"Milano",2015-10-04,17,15,20,15,88,7,9,19,0,1018,0,0,"pioggia "
"Milano",2015-10-05,17,12,21,13,81,10,4,9,0,1016,0,0,"nebbia "
"Milano",2015-10-06,16,15,18,15,92,6,5,9,0,1012,0,0,"pioggia "
"Milano",2015-10-07,17,14,21,15,85,6,7,17,0,1010,0,0,"nebbia "
"Milano",2015-10-08,18,16,23,14,73,10,6,9,0,1015,0,0,""
"Milano",2015-10-09,17,14,22,13,78,10,6,13,0,1017,0,0,"nebbia "
"Milano",2015-10-10,17,14,20,13,77,10,6,13,0,1011,0,0,"pioggia nebbia "
"Milano",2015-10-11,16,12,21,12,76,10,4,7,0,1007,0,0,""
"Milano",2015-10-12,16,13,21,12,78,10,5,9,0,1013,0,0,"pioggia "
"Milano",2015-10-13,15,14,16,14,96,3,8,13,0,1013,0,0,"pioggia "
"Milano",2015-10-14,15,14,17,13,91,7,8,15,0,1007,0,0,"pioggia "
"Milano",2015-10-15,13,11,15,11,84,10,14,20,0,1007,0,0,"pioggia temporale "
"Milano",2015-10-16,11,8,15,8,80,9,8,22,0,1013,0,0,"pioggia nebbia "
"Milano",2015-10-17,11,7,14,8,83,10,5,9,0,1018,0,0,"pioggia nebbia "
"Milano",2015-10-18,12,11,13,10,91,5,4,7,0,1018,0,0,"pioggia "
"Milano",2015-10-19,12,8,16,10,86,6,7,13,0,1014,0,0,"nebbia "
"Milano",2015-10-20,12,10,17,8,76,8,6,9,0,1016,0,0,"nebbia "
"Milano",2015-10-21,11,6,17,7,77,8,4,11,0,1017,0,0,"nebbia "
"Milano",2015-10-22,10,5,16,6,76,7,6,13,0,1015,0,0,"nebbia "
"Milano",2015-10-23,11,7,17,8,78,10,4,9,0,1021,0,0,"nebbia "
"Milano",2015-10-24,11,6,18,8,83,4,4,7,0,1023,0,0,"nebbia "
"Milano",2015-10-25,13,8,18,10,86,4,4,7,0,1022,0,0,"nebbia "
"Milano",2015-10-26,10,7,16,9,96,0,5,9,0,1022,0,0,"nebbia "
"Milano",2015-10-27,10,6,14,9,91,2,4,7,0,1021,0,0,"nebbia "
"Milano",2015-10-28,12,11,13,11,92,4,8,15,0,1017,0,0,"pioggia "
"Milano",2015-10-29,13,12,14,12,94,5,5,9,0,1016,0,0,"pioggia "
"Milano",2015-10-30,13,10,19,12,91,4,3,6,0,1024,0,0,"nebbia "
"Milano",2015-10-31,12,8,18,9,80,10,4,9,0,1029,0,0,"nebbia "
"Milano",2015-11-01,11,7,17,7,75,8,5,9,0,1033,0,0,"nebbia "
"Milano",2015-11-02,10,5,17,6,79,8,5,9,0,1032,0,0,"nebbia "
"Milano",2015-11-03,9,5,14,7,87,5,6,13,0,1029,0,0,"nebbia "
"Milano",2015-11-04,12,6,18,8,78,6,6,11,0,1023,0,0,"pioggia nebbia "
"Milano",2015-11-05,12,7,19,8,82,8,4,9,0,1021,0,0,"nebbia "
"Milano",2015-11-06,12,8,19,9,83,7,5,9,0,1024,0,0,"nebbia "
"Milano",2015-11-07,12,6,20,9,83,5,5,9,0,1028,0,0,"nebbia "
"Milano",2015-11-08,12,7,21,9,83,6,3,7,0,1029,0,0,"nebbia "
"Milano",2015-11-09,14,6,20,10,81,5,8,19,0,1026,0,0,"nebbia "
"Milano",2015-11-10,13,7,20,10,85,7,4,9,0,1025,0,0,"nebbia "
"Milano",2015-11-11,12,7,19,10,89,3,5,11,0,1024,0,0,"nebbia "
"Milano",2015-11-12,11,7,18,9,86,5,5,9,0,1026,0,0,"nebbia "
"Milano",2015-11-13,10,5,17,9,93,2,5,9,0,1027,0,0,"nebbia "
"Milano",2015-11-14,10,9,10,10,99,1,5,7,0,1026,0,0,"pioggia nebbia "
"Milano",2015-11-15,10,9,12,9,94,3,7,13,0,1021,0,0,"nebbia "
"Milano",2015-11-16,9,8,11,9,96,2,5,7,0,1020,0,0,"nebbia "
"Milano",2015-11-17,9,8,12,9,98,2,6,13,0,1020,0,0,"nebbia "
"Milano",2015-11-18,9,7,9,8,96,1,6,11,0,1022,0,0,"nebbia "
"Milano",2015-11-19,11,9,12,10,95,3,6,11,0,1023,0,0,"nebbia "
"Milano",2015-11-20,12,11,13,10,89,6,5,7,0,1012,0,0,""
"Milano",2015-11-21,10,5,12,9,92,5,9,32,33,992,0,0,"pioggia nebbia "
"Milano",2015-11-22,8,3,13,3,64,10,8,15,0,1002,0,0,""
"Milano",2015-11-23,5,4,6,3,83,12,8,20,0,1019,0,0,"pioggia "
"Milano",2015-11-24,4,-1,9,1,82,13,4,11,0,1023,0,0,"nebbia "
"Milano",2015-11-25,3,1,6,2,88,7,4,9,0,1011,0,0,"nebbia "
"Milano",2015-11-26,3,-1,9,2,88,5,5,13,0,1007,0,0,"nebbia "
"Milano",2015-11-27,4,-3,11,2,74,3,5,9,0,1012,0,0,"nebbia "
"Milano",2015-11-28,2,-2,7,1,86,8,5,9,0,1014,0,0,"nebbia "
"Milano",2015-11-29,3,-1,9,2,85,7,4,7,0,1023,0,0,"nebbia "
"Milano",2015-11-30,6,-1,15,4,81,7,5,11,0,1024,0,0,"nebbia "
"Milano",2015-12-01,6,-1,15,4,84,5,6,13,0,1025,0,0,"nebbia "
"Milano",2015-12-02,4,1,8,4,96,2,5,9,0,1030,0,0,"nebbia "
"Milano",2015-12-03,4,3,5,4,99,0,6,11,0,1032,0,0,"nebbia "
"Milano",2015-12-04,3,1,4,3,100,0,7,11,0,1034,0,0,"nebbia "
"Milano",2015-12-05,6,4,7,5,97,2,7,15,0,1036,0,0,"nebbia "
"Milano",2015-12-06,6,5,7,6,99,1,5,9,0,1036,0,0,"pioggia nebbia "
"Milano",2015-12-07,7,4,8,6,95,2,4,7,0,1037,0,0,"nebbia "
"Milano",2015-12-08,6,3,10,5,96,1,7,13,0,1034,0,0,"nebbia "
"Milano",2015-12-09,5,4,7,5,100,1,5,9,0,1033,0,0,"nebbia "
"Milano",2015-12-10,3,1,7,3,100,1,6,9,0,1035,0,0,"nebbia "
"Milano",2015-12-11,2,0,6,2,97,3,7,11,0,1032,0,0,"nebbia "
"Milano",2015-12-12,3,0,9,3,94,3,5,9,0,1027,0,0,"nebbia "
"Milano",2015-12-13,6,4,8,4,87,5,5,9,0,1024,0,0,""
"Milano",2015-12-14,6,4,8,4,85,6,4,9,0,1026,0,0,"nebbia "
"Milano",2015-12-15,6,3,10,4,90,4,4,9,0,1027,0,0,"nebbia "
"Milano",2015-12-16,8,5,11,5,84,5,4,7,0,1030,0,0,""
"Milano",2015-12-17,6,2,11,3,85,5,5,9,0,1030,0,0,"nebbia "
"Milano",2015-12-18,5,1,11,4,88,4,5,11,0,1028,0,0,"nebbia "
